const uint8_t DSEG14Classic_Regular40pt7bBitmaps[] PROGMEM = {
  0x00, 0x00, 0x60, 0x00, 0x00, 0x1E, 0x00, 0x00, 0x03, 0xE0, 0x00, 0x00,
  0x7E, 0x00, 0x00, 0x0F, 0xE0, 0x00, 0x01, 0xFC, 0x00, 0x1F, 0xFF, 0x80,
  0x03, 0xFF, 0xF0, 0x00, 0x7F, 0xFE, 0x00, 0x0F, 0xFF, 0xC0, 0x01, 0xFF,
  0xF8, 0x00, 0x3F, 0xFF, 0x00, 0x07, 0xFF, 0xE0, 0x00, 0xFF, 0xFC, 0x00,
  0x1F, 0xFF, 0x80, 0x03, 0xFF, 0xF0, 0x00, 0x7F, 0xFE, 0x00, 0x0F, 0xFF,
  0xC0, 0x01, 0xFF, 0xF8, 0x00, 0x3F, 0xFF, 0x00, 0x07, 0xFF, 0xE0, 0x00,
  0xFF, 0xFC, 0x00, 0x1F, 0xFF, 0x80, 0x03, 0xFF, 0xF0, 0x00, 0x7F, 0xFE,
  0x00, 0x0F, 0xFF, 0xC0, 0x01, 0xFF, 0xF8, 0x00, 0x3F, 0xFF, 0x00, 0x07,
  0xFF, 0xE0, 0x00, 0x7F, 0xFC, 0x00, 0x07, 0xBF, 0x00, 0x00, 0xE7, 0xC0,
  0x00, 0x0C, 0xF0, 0x00, 0x01, 0x18, 0x00, 0x00, 0x00, 0xFF, 0xFF, 0xFF,
  0xFF, 0xFF, 0xFF, 0xFF, 0xFF, 0xC0, 0x00, 0x7E, 0x00, 0x03, 0xF0, 0x00,
  0x1F, 0x80, 0x00, 0xFC, 0x00, 0x07, 0xE0, 0x00, 0x3F, 0x00, 0x01, 0xF8,
  0x00, 0x0F, 0xC0, 0x00, 0x7E, 0x00, 0x03, 0xF0, 0x00, 0x1F, 0x80, 0x00,
  0xFC, 0x00, 0x07, 0xE0, 0x00, 0x3F, 0x00, 0x01, 0xF8, 0x00, 0x0F, 0xC0,
  0x00, 0x7E, 0x00, 0x03, 0xF0, 0x00, 0x1F, 0x80, 0x00, 0xFC, 0x00, 0x07,
  0xE0, 0x00, 0x3F, 0x00, 0x01, 0xF8, 0x00, 0x0F, 0xC0, 0x00, 0x7E, 0x00,
  0x03, 0xF0, 0x00, 0x1F, 0x80, 0x00, 0xFC, 0x00, 0x07, 0xE0, 0x00, 0x3F,
  0x00, 0x01, 0xF8, 0x00, 0x0F, 0xC0, 0x00, 0x7E, 0x00, 0x03, 0xF0, 0x00,
  0x1F, 0x80, 0x00, 0xFC, 0x00, 0x07, 0xE0, 0x00, 0x3F, 0x00, 0x01, 0xF8,
  0x00, 0x0F, 0xC0, 0x00, 0x7E, 0x00, 0x03, 0xF0, 0x00, 0x1F, 0x80, 0x00,
  0xFC, 0x00, 0x07, 0xE0, 0x00, 0x3F, 0xFF, 0xFF, 0xFF, 0xFF, 0xFF, 0xFF,
  0xFF, 0xF0, 0x07, 0xFF, 0xFF, 0xFF, 0xFF, 0xE0, 0x0F, 0xFF, 0xFF, 0xFF,
  0xFF, 0xF0, 0x1F, 0xFF, 0xFF, 0xFF, 0xFF, 0xF0, 0x0F, 0xFF, 0xFF, 0xFF,
  0xFF, 0xE0, 0x67, 0xFF, 0xFF, 0xFF, 0xFF, 0xC0, 0xF3, 0xFF, 0xFF, 0xFF,
  0xFF, 0x80, 0xF9, 0xFF, 0xFF, 0xFF, 0xFF, 0x00, 0xFC, 0x00, 0x00, 0x00,
  0x00, 0x00, 0xFE, 0x00, 0x00, 0x00, 0x00, 0x00, 0xFE, 0x00, 0x0F, 0xE0,
  0x00, 0x00, 0xFE, 0x00, 0x0F, 0xE0, 0x00, 0x00, 0xFE, 0x00, 0x0F, 0xE0,
  0x00, 0x00, 0xFE, 0x00, 0x0F, 0xE0, 0x00, 0x00, 0xFE, 0x00, 0x0F, 0xE0,
  0x00, 0x00, 0xFE, 0x00, 0x0F, 0xE0, 0x00, 0x00, 0xFE, 0x00, 0x0F, 0xE0,
  0x00, 0x00, 0xFE, 0x00, 0x0F, 0xE0, 0x00, 0x00, 0xFE, 0x00, 0x0F, 0xE0,
  0x00, 0x00, 0xFE, 0x00, 0x0F, 0xE0, 0x00, 0x00, 0xFE, 0x00, 0x0F, 0xE0,
  0x00, 0x00, 0xFE, 0x00, 0x0F, 0xE0, 0x00, 0x00, 0xFE, 0x00, 0x0F, 0xE0,
  0x00, 0x00, 0xFE, 0x00, 0x0F, 0xE0, 0x00, 0x00, 0xFE, 0x00, 0x0F, 0xE0,
  0x00, 0x00, 0xFE, 0x00, 0x0F, 0xE0, 0x00, 0x00, 0xFE, 0x00, 0x0F, 0xE0,
  0x00, 0x00, 0xFE, 0x00, 0x0F, 0xE0, 0x00, 0x00, 0xFE, 0x00, 0x0F, 0xE0,
  0x00, 0x00, 0xFE, 0x00, 0x0F, 0xE0, 0x00, 0x00, 0xFE, 0x00, 0x0F, 0xE0,
  0x00, 0x00, 0xFE, 0x00, 0x0F, 0xE0, 0x00, 0x00, 0xFE, 0x00, 0x0F, 0xE0,
  0x00, 0x00, 0xFE, 0x00, 0x07, 0xE0, 0x00, 0x00, 0xFE, 0x00, 0x03, 0xC0,
  0x00, 0x00, 0xFC, 0x00, 0x03, 0x80, 0x00, 0x00, 0xF9, 0xFF, 0xF9, 0x9F,
  0xFF, 0x80, 0xF3, 0xFF, 0xF9, 0x3F, 0xFF, 0xC0, 0xC7, 0xFF, 0xFC, 0x3F,
  0xFF, 0xE0, 0x0F, 0xFF, 0xFE, 0x7F, 0xFF, 0xF0, 0x0F, 0xFF, 0xFE, 0x7F,
  0xFF, 0xF0, 0x07, 0xFF, 0xFC, 0x3F, 0xFF, 0xE7, 0x03, 0xFF, 0xF9, 0x3F,
  0xFF, 0xCF, 0x01, 0xFF, 0xF9, 0x9F, 0xFF, 0x9F, 0x00, 0x00, 0x03, 0x80,
  0x00, 0x3F, 0x00, 0x00, 0x03, 0xC0, 0x00, 0x7F, 0x00, 0x00, 0x07, 0xE0,
  0x00, 0x7F, 0x00, 0x00, 0x0F, 0xE0, 0x00, 0x7F, 0x00, 0x00, 0x0F, 0xE0,
  0x00, 0x7F, 0x00, 0x00, 0x0F, 0xE0, 0x00, 0x7F, 0x00, 0x00, 0x0F, 0xE0,
  0x00, 0x7F, 0x00, 0x00, 0x0F, 0xE0, 0x00, 0x7F, 0x00, 0x00, 0x0F, 0xE0,
  0x00, 0x7F, 0x00, 0x00, 0x0F, 0xE0, 0x00, 0x7F, 0x00, 0x00, 0x0F, 0xE0,
  0x00, 0x7F, 0x00, 0x00, 0x0F, 0xE0, 0x00, 0x7F, 0x00, 0x00, 0x0F, 0xE0,
  0x00, 0x7F, 0x00, 0x00, 0x0F, 0xE0, 0x00, 0x7F, 0x00, 0x00, 0x0F, 0xE0,
  0x00, 0x7F, 0x00, 0x00, 0x0F, 0xE0, 0x00, 0x7F, 0x00, 0x00, 0x0F, 0xE0,
  0x00, 0x7F, 0x00, 0x00, 0x0F, 0xE0, 0x00, 0x7F, 0x00, 0x00, 0x0F, 0xE0,
  0x00, 0x7F, 0x00, 0x00, 0x0F, 0xE0, 0x00, 0x7F, 0x00, 0x00, 0x0F, 0xE0,
  0x00, 0x7F, 0x00, 0x00, 0x0F, 0xE0, 0x00, 0x7F, 0x00, 0x00, 0x0F, 0xE0,
  0x00, 0x7F, 0x00, 0x00, 0x0F, 0xE0, 0x00, 0x7F, 0x00, 0x00, 0x0F, 0xE0,
  0x00, 0x7F, 0x00, 0x00, 0x0F, 0xE0, 0x00, 0x7F, 0x00, 0x00, 0x00, 0x00,
  0x00, 0x7F, 0x00, 0x00, 0x00, 0x00, 0x00, 0x3F, 0x01, 0xFF, 0xFF, 0xFF,
  0xFF, 0x1F, 0x03, 0xFF, 0xFF, 0xFF, 0xFF, 0x8F, 0x07, 0xFF, 0xFF, 0xFF,
  0xFF, 0xC6, 0x0F, 0xFF, 0xFF, 0xFF, 0xFF, 0xE0, 0x1F, 0xFF, 0xFF, 0xFF,
  0xFF, 0xF0, 0x0F, 0xFF, 0xFF, 0xFF, 0xFF, 0xF0, 0x07, 0xFF, 0xFF, 0xFF,
  0xFF, 0xE0, 0x60, 0x00, 0x00, 0x00, 0x00, 0x00, 0xF0, 0x00, 0x00, 0x00,
  0x00, 0x00, 0xF8, 0x00, 0x00, 0x00, 0x00, 0x00, 0xFC, 0x00, 0x00, 0x00,
  0x00, 0x00, 0xFE, 0x00, 0x00, 0x00, 0x00, 0x00, 0xFE, 0x60, 0x00, 0x00,
  0x06, 0x00, 0xFE, 0x70, 0x00, 0x00, 0x0E, 0x00, 0xFE, 0x70, 0x00, 0x00,
  0x0E, 0x00, 0xFE, 0x78, 0x00, 0x00, 0x1E, 0x00, 0xFE, 0x78, 0x00, 0x00,
  0x3E, 0x00, 0xFE, 0x7C, 0x00, 0x00, 0x3E, 0x00, 0xFE, 0x7C, 0x00, 0x00,
  0x7E, 0x00, 0xFE, 0x7E, 0x00, 0x00, 0x7E, 0x00, 0xFE, 0x7F, 0x00, 0x00,
  0xFE, 0x00, 0xFE, 0x7F, 0x00, 0x01, 0xFE, 0x00, 0xFE, 0x7F, 0x80, 0x01,
  0xFE, 0x00, 0xFE, 0x7F, 0x80, 0x03, 0xFE, 0x00, 0xFE, 0x3F, 0xC0, 0x03,
  0xFC, 0x00, 0xFE, 0x3F, 0xC0, 0x07, 0xFC, 0x00, 0xFE, 0x1F, 0xE0, 0x07,
  0xF8, 0x00, 0xFE, 0x1F, 0xE0, 0x07, 0xF0, 0x00, 0xFE, 0x0F, 0xE0, 0x07,
  0xF0, 0x00, 0xFE, 0x0F, 0xE0, 0x07, 0xE0, 0x00, 0xFE, 0x07, 0xE0, 0x07,
  0xE0, 0x00, 0xFE, 0x03, 0xE0, 0x07, 0xC0, 0x00, 0xFE, 0x03, 0xE0, 0x07,
  0xC0, 0x00, 0xFE, 0x01, 0xE0, 0x07, 0x80, 0x00, 0xFE, 0x01, 0xE0, 0x07,
  0x00, 0x00, 0xFE, 0x00, 0xE0, 0x07, 0x00, 0x00, 0xFE, 0x00, 0xE0, 0x06,
  0x00, 0x00, 0xFC, 0x00, 0x00, 0x00, 0x00, 0x00, 0xF9, 0xFF, 0xF8, 0x1F,
  0xFF, 0x80, 0xF3, 0xFF, 0xF8, 0x3F, 0xFF, 0xC0, 0xC7, 0xFF, 0xFC, 0x3F,
  0xFF, 0xE0, 0x0F, 0xFF, 0xFE, 0x7F, 0xFF, 0xF0, 0x0F, 0xFF, 0xFE, 0x7F,
  0xFF, 0xF0, 0x07, 0xFF, 0xFC, 0x3F, 0xFF, 0xE7, 0x03, 0xFF, 0xF8, 0x3F,
  0xFF, 0xCF, 0x01, 0xFF, 0xF8, 0x1F, 0xFF, 0x9F, 0x00, 0x00, 0x00, 0x00,
  0x00, 0x3F, 0x00, 0x00, 0xE0, 0x06, 0x00, 0x7F, 0x00, 0x00, 0xE0, 0x07,
  0x00, 0x7F, 0x00, 0x01, 0xE0, 0x07, 0x00, 0x7F, 0x00, 0x01, 0xE0, 0x07,
  0x80, 0x7F, 0x00, 0x03, 0xE0, 0x07, 0x80, 0x7F, 0x00, 0x03, 0xE0, 0x07,
  0xC0, 0x7F, 0x00, 0x07, 0xE0, 0x07, 0xE0, 0x7F, 0x00, 0x0F, 0xE0, 0x07,
  0xE0, 0x7F, 0x00, 0x0F, 0xE0, 0x07, 0xF0, 0x7F, 0x00, 0x1F, 0xE0, 0x07,
  0xF0, 0x7F, 0x00, 0x1F, 0xE0, 0x07, 0xF8, 0x7F, 0x00, 0x3F, 0xC0, 0x07,
  0xFC, 0x7F, 0x00, 0x7F, 0xC0, 0x03, 0xFC, 0x7F, 0x00, 0x7F, 0x80, 0x03,
  0xFE, 0x7F, 0x00, 0x7F, 0x80, 0x01, 0xFE, 0x7F, 0x00, 0x7F, 0x00, 0x01,
  0xFE, 0x7F, 0x00, 0x7F, 0x00, 0x00, 0xFE, 0x7F, 0x00, 0x7E, 0x00, 0x00,
  0x7E, 0x7F, 0x00, 0x7C, 0x00, 0x00, 0x7E, 0x7F, 0x00, 0x7C, 0x00, 0x00,
  0x3E, 0x7F, 0x00, 0x78, 0x00, 0x00, 0x3E, 0x7F, 0x00, 0x78, 0x00, 0x00,
  0x1E, 0x7F, 0x00, 0x70, 0x00, 0x00, 0x0E, 0x7F, 0x00, 0x70, 0x00, 0x00,
  0x0E, 0x7F, 0x00, 0x60, 0x00, 0x00, 0x06, 0x7F, 0x00, 0x00, 0x00, 0x00,
  0x00, 0x7F, 0x00, 0x00, 0x00, 0x00, 0x00, 0x3F, 0x00, 0x00, 0x00, 0x00,
  0x00, 0x1F, 0x00, 0x00, 0x00, 0x00, 0x00, 0x0F, 0x00, 0x00, 0x00, 0x00,
  0x00, 0x06, 0x3F, 0xFF, 0xFF, 0xFF, 0xFF, 0x03, 0xFF, 0xFF, 0xFF, 0xFF,
  0xFC, 0x3F, 0xFF, 0xFF, 0xFF, 0xFF, 0xE0, 0xFF, 0xFF, 0xFF, 0xFF, 0xFE,
  0x03, 0xFF, 0xFF, 0xFF, 0xFF, 0xE0, 0x0F, 0xFF, 0xFF, 0xFF, 0xFE, 0x00,
  0x3F, 0xFF, 0xFF, 0xFF, 0xE0, 0x00, 0x00, 0x00, 0x00, 0x00, 0x00, 0x00,
  0x00, 0x00, 0x00, 0x00, 0x00, 0x18, 0x00, 0x00, 0x01, 0x80, 0x00, 0xE0,
  0x00, 0x00, 0x1C, 0x00, 0x07, 0x00, 0x00, 0x00, 0xE0, 0x00, 0x3C, 0x00,
  0x00, 0x0F, 0x00, 0x01, 0xE0, 0x00, 0x00, 0xF8, 0x00, 0x0F, 0x80, 0x00,
  0x07, 0xC0, 0x00, 0x7C, 0x00, 0x00, 0x7E, 0x00, 0x03, 0xF0, 0x00, 0x03,
  0xF0, 0x00, 0x1F, 0xC0, 0x00, 0x3F, 0x80, 0x00, 0xFE, 0x00, 0x03, 0xFC,
  0x00, 0x07, 0xF8, 0x00, 0x1F, 0xE0, 0x00, 0x3F, 0xC0, 0x01, 0xFF, 0x00,
  0x00, 0xFF, 0x00, 0x0F, 0xF0, 0x00, 0x07, 0xF8, 0x00, 0xFF, 0x80, 0x00,
  0x1F, 0xE0, 0x07, 0xF8, 0x00, 0x00, 0xFF, 0x00, 0x3F, 0x80, 0x00, 0x03,
  0xF8, 0x01, 0xFC, 0x00, 0x00, 0x1F, 0xC0, 0x0F, 0xC0, 0x00, 0x00, 0x7E,
  0x00, 0x7E, 0x00, 0x00, 0x01, 0xF0, 0x03, 0xE0, 0x00, 0x00, 0x0F, 0x80,
  0x1F, 0x00, 0x00, 0x00, 0x3C, 0x00, 0xF0, 0x00, 0x00, 0x01, 0xE0, 0x07,
  0x00, 0x00, 0x00, 0x07, 0x00, 0x38, 0x00, 0x00, 0x00, 0x38, 0x01, 0x80,
  0x00, 0x00, 0x00, 0x00, 0x00, 0x00, 0x00, 0x00, 0x00, 0x00, 0x00, 0x00,
  0x00, 0x00, 0x00, 0x00, 0x00, 0x00, 0x00, 0x00, 0x00, 0x00, 0x00, 0x00,
  0x00, 0x00, 0x00, 0x00, 0x00, 0x00, 0x00, 0x00, 0x00, 0x00, 0x00, 0x00,
  0x00, 0x00, 0x00, 0x00, 0x38, 0x00, 0x00, 0x00, 0x00, 0x03, 0xC0, 0x00,
  0x00, 0x00, 0x00, 0x3E, 0x00, 0x00, 0x00, 0x00, 0x03, 0xF0, 0x00, 0x70,
  0x03, 0x00, 0x3F, 0x80, 0x03, 0x80, 0x1C, 0x01, 0xFC, 0x00, 0x3C, 0x00,
  0xE0, 0x0F, 0xE0, 0x01, 0xE0, 0x07, 0x80, 0x7F, 0x00, 0x1F, 0x00, 0x3C,
  0x03, 0xF8, 0x00, 0xF8, 0x01, 0xF0, 0x1F, 0xC0, 0x0F, 0xC0, 0x0F, 0xC0,
  0xFE, 0x00, 0xFE, 0x00, 0x7E, 0x07, 0xF0, 0x07, 0xF0, 0x03, 0xF8, 0x3F,
  0x80, 0x7F, 0x80, 0x1F, 0xC1, 0xFC, 0x03, 0xFC, 0x00, 0xFF, 0x0F, 0xE0,
  0x3F, 0xC0, 0x07, 0xFC, 0x7F, 0x03, 0xFE, 0x00, 0x1F, 0xE3, 0xF8, 0x1F,
  0xE0, 0x00, 0xFF, 0x9F, 0xC0, 0xFF, 0x00, 0x03, 0xFC, 0xFE, 0x07, 0xF0,
  0x00, 0x1F, 0xE7, 0xF0, 0x3F, 0x80, 0x00, 0x7F, 0x3F, 0x81, 0xF8, 0x00,
  0x01, 0xF9, 0xFC, 0x0F, 0x80, 0x00, 0x0F, 0xCF, 0xE0, 0x7C, 0x00, 0x00,
  0x3E, 0x7F, 0x03, 0xC0, 0x00, 0x01, 0xF3, 0xF8, 0x1E, 0x00, 0x00, 0x07,
  0x9F, 0xC0, 0xE0, 0x00, 0x00, 0x1C, 0xFE, 0x07, 0x00, 0x00, 0x00, 0xE7,
  0xF0, 0x30, 0x00, 0x00, 0x03, 0x3F, 0x80, 0x00, 0x00, 0x00, 0x01, 0xFC,
  0x00, 0x00, 0x00, 0x00, 0x07, 0xE1, 0xFF, 0xFF, 0xFF, 0xFF, 0x1F, 0x1F,
  0xFF, 0xFF, 0xFF, 0xFC, 0x79, 0xFF, 0xFF, 0xFF, 0xFF, 0xF1, 0x9F, 0xFF,
  0xFF, 0xFF, 0xFF, 0xC1, 0xFF, 0xFF, 0xFF, 0xFF, 0xFF, 0x07, 0xFF, 0xFF,
  0xFF, 0xFF, 0xF8, 0x1F, 0xFF, 0xFF, 0xFF, 0xFF, 0x80, 0xFF, 0xFF, 0xFF,
  0xFF, 0xFF, 0xFF, 0xFF, 0xFF, 0xFF, 0xFF, 0xFF, 0xFF, 0xFF, 0xFF, 0xFF,
  0xFF, 0xFF, 0xFF, 0xFF, 0xFF, 0xBF, 0x3C, 0x70, 0x60, 0x80, 0x00, 0xC0,
  0x70, 0x1C, 0x0F, 0x07, 0xC1, 0xF0, 0xFC, 0x3F, 0x1F, 0xCF, 0xF3, 0xFD,
  0xFF, 0x7F, 0xBF, 0xEF, 0xF3, 0xF8, 0xFE, 0x3F, 0x0F, 0xC3, 0xE0, 0xF8,
  0x3C, 0x0E, 0x03, 0x80, 0xC0, 0x00, 0x00, 0x00, 0x00, 0x00, 0x00, 0x00,
  0x00, 0x00, 0x00, 0x00, 0x00, 0x03, 0x00, 0xE0, 0x38, 0x0F, 0x03, 0xC0,
  0xF8, 0x3F, 0x0F, 0xC3, 0xF8, 0xFE, 0x3F, 0xCF, 0xF9, 0xFE, 0x7F, 0xCF,
  0xF3, 0xFC, 0x7F, 0x0F, 0xC3, 0xF0, 0x7C, 0x1F, 0x03, 0xC0, 0x70, 0x1C,
  0x03, 0xC0, 0x38, 0x0E, 0x03, 0xC0, 0xF0, 0x3E, 0x0F, 0x83, 0xF0, 0xFE,
  0x3F, 0x8F, 0xF3, 0xFC, 0x7F, 0x9F, 0xE3, 0xFC, 0xFF, 0x1F, 0xC7, 0xF0,
  0xFC, 0x1F, 0x07, 0xC0, 0xF0, 0x3C, 0x07, 0x01, 0xC0, 0x00, 0x00, 0x00,
  0x00, 0x00, 0x00, 0x00, 0x00, 0x00, 0x00, 0x00, 0x00, 0x07, 0x01, 0xC0,
  0xF0, 0x3C, 0x1F, 0x07, 0xC3, 0xF1, 0xFC, 0x7F, 0x3F, 0xCF, 0xF7, 0xFB,
  0xFE, 0xFF, 0x3F, 0xCF, 0xE3, 0xF8, 0xFC, 0x3E, 0x0F, 0x83, 0xC0, 0xF0,
  0x38, 0x0E, 0x03, 0x00, 0x03, 0x00, 0x7F, 0x00, 0x30, 0x01, 0xC0, 0x3F,
  0x80, 0x38, 0x00, 0xE0, 0x1F, 0xC0, 0x1C, 0x00, 0x78, 0x0F, 0xE0, 0x1E,
  0x00, 0x3C, 0x07, 0xF0, 0x1F, 0x00, 0x1F, 0x03, 0xF8, 0x0F, 0x80, 0x0F,
  0x81, 0xFC, 0x0F, 0xC0, 0x07, 0xE0, 0xFE, 0x07, 0xE0, 0x03, 0xF8, 0x7F,
  0x07, 0xF0, 0x01, 0xFC, 0x3F, 0x87, 0xF8, 0x00, 0xFF, 0x1F, 0xC3, 0xFC,
  0x00, 0x7F, 0x8F, 0xE3, 0xFE, 0x00, 0x1F, 0xE7, 0xF1, 0xFE, 0x00, 0x0F,
  0xF3, 0xF9, 0xFF, 0x00, 0x03, 0xFD, 0xFC, 0xFF, 0x00, 0x01, 0xFE, 0xFE,
  0x7F, 0x00, 0x00, 0x7F, 0x7F, 0x3F, 0x80, 0x00, 0x3F, 0xBF, 0x9F, 0x80,
  0x00, 0x0F, 0xDF, 0xCF, 0xC0, 0x00, 0x03, 0xEF, 0xE7, 0xC0, 0x00, 0x01,
  0xF7, 0xF3, 0xE0, 0x00, 0x00, 0x7B, 0xF9, 0xE0, 0x00, 0x00, 0x3D, 0xFC,
  0xE0, 0x00, 0x00, 0x0E, 0x7E, 0x70, 0x00, 0x00, 0x07, 0x1E, 0x30, 0x00,
  0x00, 0x00, 0x0E, 0x00, 0x00, 0x03, 0xFF, 0xF3, 0x3F, 0xFF, 0x03, 0xFF,
  0xF9, 0x3F, 0xFF, 0xC3, 0xFF, 0xFE, 0x1F, 0xFF, 0xF3, 0xFF, 0xFF, 0x9F,
  0xFF, 0xFD, 0xFF, 0xFF, 0xCF, 0xFF, 0xFE, 0x7F, 0xFF, 0xC3, 0xFF, 0xFE,
  0x1F, 0xFF, 0xC9, 0xFF, 0xFE, 0x07, 0xFF, 0xE6, 0x7F, 0xFE, 0x00, 0x00,
  0x07, 0x00, 0x00, 0x00, 0x00, 0xE3, 0xC6, 0x00, 0x00, 0x00, 0x73, 0xF3,
  0x80, 0x00, 0x00, 0x7B, 0xF9, 0xC0, 0x00, 0x00, 0x3D, 0xFC, 0xF0, 0x00,
  0x00, 0x3E, 0xFE, 0x78, 0x00, 0x00, 0x1F, 0x7F, 0x3E, 0x00, 0x00, 0x1F,
  0xBF, 0x9F, 0x80, 0x00, 0x1F, 0xDF, 0xCF, 0xC0, 0x00, 0x0F, 0xEF, 0xE7,
  0xF0, 0x00, 0x0F, 0xF7, 0xF3, 0xF8, 0x00, 0x07, 0xFB, 0xF9, 0xFE, 0x00,
  0x07, 0xF9, 0xFC, 0xFF, 0x80, 0x07, 0xFC, 0xFE, 0x3F, 0xC0, 0x03, 0xFC,
  0x7F, 0x1F, 0xF0, 0x01, 0xFE, 0x3F, 0x87, 0xF8, 0x00, 0xFE, 0x1F, 0xC3,
  0xFC, 0x00, 0x7F, 0x0F, 0xE0, 0xFE, 0x00, 0x3F, 0x07, 0xF0, 0x3F, 0x00,
  0x1F, 0x03, 0xF8, 0x1F, 0x80, 0x0F, 0x81, 0xFC, 0x07, 0xC0, 0x07, 0x80,
  0xFE, 0x03, 0xE0, 0x03, 0xC0, 0x7F, 0x00, 0xF0, 0x01, 0xC0, 0x3F, 0x80,
  0x38, 0x00, 0xE0, 0x1F, 0xC0, 0x1C, 0x00, 0x60, 0x0F, 0xE0, 0x06, 0x00,
  0x00, 0x00, 0x7F, 0x00, 0x00, 0x00, 0x00, 0x3F, 0x80, 0x00, 0x00, 0x00,
  0x1F, 0xC0, 0x00, 0x00, 0x00, 0x0F, 0xE0, 0x00, 0x00, 0x00, 0x07, 0xF0,
  0x00, 0x00, 0x00, 0x03, 0xF8, 0x00, 0x00, 0x00, 0x01, 0xFC, 0x00, 0x00,
  0x00, 0x00, 0xFE, 0x00, 0x00, 0x00, 0x00, 0x7F, 0x00, 0x00, 0x00, 0x00,
  0x3F, 0x80, 0x00, 0x00, 0x00, 0x1F, 0xC0, 0x00, 0x00, 0x00, 0x0F, 0xE0,
  0x00, 0x00, 0x00, 0x07, 0xF0, 0x00, 0x00, 0x00, 0x03, 0xF8, 0x00, 0x00,
  0x00, 0x01, 0xFC, 0x00, 0x00, 0x00, 0x00, 0xFE, 0x00, 0x00, 0x00, 0x00,
  0x7F, 0x00, 0x00, 0x00, 0x00, 0x3F, 0x80, 0x00, 0x00, 0x00, 0x1F, 0xC0,
  0x00, 0x00, 0x00, 0x0F, 0xE0, 0x00, 0x00, 0x00, 0x07, 0xF0, 0x00, 0x00,
  0x00, 0x03, 0xF8, 0x00, 0x00, 0x00, 0x01, 0xFC, 0x00, 0x00, 0x00, 0x00,
  0x7E, 0x00, 0x00, 0x00, 0x00, 0x1E, 0x00, 0x00, 0x00, 0x00, 0x0E, 0x00,
  0x00, 0x03, 0xFF, 0xF3, 0x3F, 0xFF, 0x03, 0xFF, 0xF9, 0x3F, 0xFF, 0xC3,
  0xFF, 0xFE, 0x1F, 0xFF, 0xF3, 0xFF, 0xFF, 0x9F, 0xFF, 0xFD, 0xFF, 0xFF,
  0xCF, 0xFF, 0xFE, 0x7F, 0xFF, 0xC3, 0xFF, 0xFE, 0x1F, 0xFF, 0xC9, 0xFF,
  0xFE, 0x07, 0xFF, 0xE6, 0x7F, 0xFE, 0x00, 0x00, 0x07, 0x00, 0x00, 0x00,
  0x00, 0x03, 0xC0, 0x00, 0x00, 0x00, 0x03, 0xF0, 0x00, 0x00, 0x00, 0x03,
  0xF8, 0x00, 0x00, 0x00, 0x01, 0xFC, 0x00, 0x00, 0x00, 0x00, 0xFE, 0x00,
  0x00, 0x00, 0x00, 0x7F, 0x00, 0x00, 0x00, 0x00, 0x3F, 0x80, 0x00, 0x00,
  0x00, 0x1F, 0xC0, 0x00, 0x00, 0x00, 0x0F, 0xE0, 0x00, 0x00, 0x00, 0x07,
  0xF0, 0x00, 0x00, 0x00, 0x03, 0xF8, 0x00, 0x00, 0x00, 0x01, 0xFC, 0x00,
  0x00, 0x00, 0x00, 0xFE, 0x00, 0x00, 0x00, 0x00, 0x7F, 0x00, 0x00, 0x00,
  0x00, 0x3F, 0x80, 0x00, 0x00, 0x00, 0x1F, 0xC0, 0x00, 0x00, 0x00, 0x0F,
  0xE0, 0x00, 0x00, 0x00, 0x07, 0xF0, 0x00, 0x00, 0x00, 0x03, 0xF8, 0x00,
  0x00, 0x00, 0x01, 0xFC, 0x00, 0x00, 0x00, 0x00, 0xFE, 0x00, 0x00, 0x00,
  0x00, 0x7F, 0x00, 0x00, 0x00, 0x00, 0x3F, 0x80, 0x00, 0x00, 0x00, 0x1F,
  0xC0, 0x00, 0x00, 0x00, 0x0F, 0xE0, 0x00, 0x00, 0x01, 0xC0, 0x70, 0x3C,
  0x0F, 0x07, 0xC1, 0xF0, 0xFC, 0x7F, 0x1F, 0xCF, 0xF3, 0xFD, 0xFE, 0xFF,
  0xBF, 0xCF, 0xF3, 0xF8, 0xFE, 0x3F, 0x0F, 0x83, 0xE0, 0xF0, 0x3C, 0x0E,
  0x03, 0x80, 0xC0, 0x00, 0x0F, 0xFF, 0xC0, 0xFF, 0xFC, 0x0F, 0xFF, 0xE0,
  0xFF, 0xFF, 0x0F, 0xFF, 0xF8, 0x7F, 0xFF, 0xCF, 0xFF, 0xFE, 0x7F, 0xFF,
  0xF7, 0xFF, 0xFF, 0x3F, 0xFF, 0xF9, 0xFF, 0xFF, 0x0F, 0xFF, 0xF8, 0x7F,
  0xFF, 0x07, 0xFF, 0xF8, 0x1F, 0xFF, 0x81, 0xFF, 0xF8, 0x0C, 0x0F, 0xC7,
  0xFB, 0xFF, 0xFF, 0xFF, 0xFF, 0xFD, 0xFE, 0x7F, 0x87, 0x80, 0x00, 0x00,
  0x00, 0x0C, 0x00, 0x00, 0x00, 0x70, 0x00, 0x00, 0x01, 0xC0, 0x00, 0x00,
  0x0F, 0x00, 0x00, 0x00, 0x7C, 0x00, 0x00, 0x01, 0xF0, 0x00, 0x00, 0x0F,
  0xC0, 0x00, 0x00, 0x3F, 0x00, 0x00, 0x01, 0xFC, 0x00, 0x00, 0x0F, 0xF0,
  0x00, 0x00, 0x3F, 0xC0, 0x00, 0x01, 0xFF, 0x00, 0x00, 0x07, 0xF8, 0x00,
  0x00, 0x3F, 0xE0, 0x00, 0x00, 0xFF, 0x00, 0x00, 0x03, 0xF8, 0x00, 0x00,
  0x0F, 0xE0, 0x00, 0x00, 0x3F, 0x00, 0x00, 0x00, 0xFC, 0x00, 0x00, 0x03,
  0xE0, 0x00, 0x00, 0x0F, 0x80, 0x00, 0x00, 0x3C, 0x00, 0x00, 0x00, 0xE0,
  0x00, 0x00, 0x03, 0x80, 0x00, 0x00, 0x0C, 0x00, 0x00, 0x00, 0x00, 0x00,
  0x00, 0x00, 0x00, 0x00, 0x00, 0x00, 0x00, 0x00, 0x00, 0x00, 0x00, 0x00,
  0x00, 0x00, 0x00, 0x00, 0x00, 0x00, 0x00, 0x00, 0x00, 0x00, 0x00, 0x00,
  0x00, 0x00, 0x00, 0x00, 0x00, 0x00, 0x00, 0x00, 0x00, 0x00, 0x70, 0x00,
  0x00, 0x01, 0xC0, 0x00, 0x00, 0x0F, 0x00, 0x00, 0x00, 0x3C, 0x00, 0x00,
  0x01, 0xF0, 0x00, 0x00, 0x07, 0xC0, 0x00, 0x00, 0x3F, 0x00, 0x00, 0x01,
  0xFC, 0x00, 0x00, 0x07, 0xF0, 0x00, 0x00, 0x3F, 0xC0, 0x00, 0x00, 0xFF,
  0x00, 0x00, 0x07, 0xF8, 0x00, 0x00, 0x3F, 0xE0, 0x00, 0x00, 0xFF, 0x00,
  0x00, 0x03, 0xFC, 0x00, 0x00, 0x0F, 0xE0, 0x00, 0x00, 0x3F, 0x80, 0x00,
  0x00, 0xFC, 0x00, 0x00, 0x03, 0xE0, 0x00, 0x00, 0x0F, 0x80, 0x00, 0x00,
  0x3C, 0x00, 0x00, 0x00, 0xF0, 0x00, 0x00, 0x03, 0x80, 0x00, 0x00, 0x0E,
  0x00, 0x00, 0x00, 0x30, 0x00, 0x00, 0x00, 0x07, 0xFF, 0xFF, 0xFF, 0xFF,
  0xE0, 0x0F, 0xFF, 0xFF, 0xFF, 0xFF, 0xF0, 0x1F, 0xFF, 0xFF, 0xFF, 0xFF,
  0xF0, 0x0F, 0xFF, 0xFF, 0xFF, 0xFF, 0xE0, 0x67, 0xFF, 0xFF, 0xFF, 0xFF,
  0xC6, 0xF3, 0xFF, 0xFF, 0xFF, 0xFF, 0x8F, 0xF9, 0xFF, 0xFF, 0xFF, 0xFF,
  0x1F, 0xFC, 0x00, 0x00, 0x00, 0x00, 0x3F, 0xFE, 0x00, 0x00, 0x00, 0x00,
  0x7F, 0xFE, 0x00, 0x00, 0x00, 0x06, 0x7F, 0xFE, 0x00, 0x00, 0x00, 0x0E,
  0x7F, 0xFE, 0x00, 0x00, 0x00, 0x0E, 0x7F, 0xFE, 0x00, 0x00, 0x00, 0x1E,
  0x7F, 0xFE, 0x00, 0x00, 0x00, 0x3E, 0x7F, 0xFE, 0x00, 0x00, 0x00, 0x3E,
  0x7F, 0xFE, 0x00, 0x00, 0x00, 0x7E, 0x7F, 0xFE, 0x00, 0x00, 0x00, 0x7E,
  0x7F, 0xFE, 0x00, 0x00, 0x00, 0xFE, 0x7F, 0xFE, 0x00, 0x00, 0x01, 0xFE,
  0x7F, 0xFE, 0x00, 0x00, 0x01, 0xFE, 0x7F, 0xFE, 0x00, 0x00, 0x03, 0xFE,
  0x7F, 0xFE, 0x00, 0x00, 0x03, 0xFC, 0x7F, 0xFE, 0x00, 0x00, 0x07, 0xFC,
  0x7F, 0xFE, 0x00, 0x00, 0x07, 0xF8, 0x7F, 0xFE, 0x00, 0x00, 0x07, 0xF0,
  0x7F, 0xFE, 0x00, 0x00, 0x07, 0xF0, 0x7F, 0xFE, 0x00, 0x00, 0x07, 0xE0,
  0x7F, 0xFE, 0x00, 0x00, 0x07, 0xE0, 0x7F, 0xFE, 0x00, 0x00, 0x07, 0xC0,
  0x7F, 0xFE, 0x00, 0x00, 0x07, 0xC0, 0x7F, 0xFE, 0x00, 0x00, 0x07, 0x80,
  0x7F, 0xFE, 0x00, 0x00, 0x07, 0x00, 0x7F, 0xFE, 0x00, 0x00, 0x07, 0x00,
  0x7F, 0xFE, 0x00, 0x00, 0x06, 0x00, 0x7F, 0xFC, 0x00, 0x00, 0x00, 0x00,
  0x3F, 0xF8, 0x00, 0x00, 0x00, 0x00, 0x1F, 0xF0, 0x00, 0x00, 0x00, 0x00,
  0x0F, 0xC0, 0x00, 0x00, 0x00, 0x00, 0x07, 0x00, 0x00, 0x00, 0x00, 0x00,
  0x00, 0x00, 0x00, 0x00, 0x00, 0x00, 0x00, 0xC0, 0x00, 0x00, 0x00, 0x00,
  0x07, 0xF0, 0x00, 0x00, 0x00, 0x00, 0x0F, 0xF8, 0x00, 0x00, 0x00, 0x00,
  0x1F, 0xFC, 0x00, 0x00, 0x00, 0x00, 0x3F, 0xFE, 0x00, 0xE0, 0x00, 0x00,
  0x7F, 0xFE, 0x00, 0xE0, 0x00, 0x00, 0x7F, 0xFE, 0x01, 0xE0, 0x00, 0x00,
  0x7F, 0xFE, 0x01, 0xE0, 0x00, 0x00, 0x7F, 0xFE, 0x03, 0xE0, 0x00, 0x00,
  0x7F, 0xFE, 0x03, 0xE0, 0x00, 0x00, 0x7F, 0xFE, 0x07, 0xE0, 0x00, 0x00,
  0x7F, 0xFE, 0x0F, 0xE0, 0x00, 0x00, 0x7F, 0xFE, 0x0F, 0xE0, 0x00, 0x00,
  0x7F, 0xFE, 0x1F, 0xE0, 0x00, 0x00, 0x7F, 0xFE, 0x1F, 0xE0, 0x00, 0x00,
  0x7F, 0xFE, 0x3F, 0xC0, 0x00, 0x00, 0x7F, 0xFE, 0x7F, 0xC0, 0x00, 0x00,
  0x7F, 0xFE, 0x7F, 0x80, 0x00, 0x00, 0x7F, 0xFE, 0x7F, 0x80, 0x00, 0x00,
  0x7F, 0xFE, 0x7F, 0x00, 0x00, 0x00, 0x7F, 0xFE, 0x7F, 0x00, 0x00, 0x00,
  0x7F, 0xFE, 0x7E, 0x00, 0x00, 0x00, 0x7F, 0xFE, 0x7C, 0x00, 0x00, 0x00,
  0x7F, 0xFE, 0x7C, 0x00, 0x00, 0x00, 0x7F, 0xFE, 0x78, 0x00, 0x00, 0x00,
  0x7F, 0xFE, 0x78, 0x00, 0x00, 0x00, 0x7F, 0xFE, 0x70, 0x00, 0x00, 0x00,
  0x7F, 0xFE, 0x70, 0x00, 0x00, 0x00, 0x7F, 0xFE, 0x60, 0x00, 0x00, 0x00,
  0x7F, 0xFE, 0x00, 0x00, 0x00, 0x00, 0x7F, 0xFC, 0x00, 0x00, 0x00, 0x00,
  0x3F, 0xF9, 0xFF, 0xFF, 0xFF, 0xFF, 0x1F, 0xF3, 0xFF, 0xFF, 0xFF, 0xFF,
  0x8F, 0x67, 0xFF, 0xFF, 0xFF, 0xFF, 0xC6, 0x0F, 0xFF, 0xFF, 0xFF, 0xFF,
  0xE0, 0x1F, 0xFF, 0xFF, 0xFF, 0xFF, 0xF0, 0x0F, 0xFF, 0xFF, 0xFF, 0xFF,
  0xF0, 0x07, 0xFF, 0xFF, 0xFF, 0xFF, 0xE0, 0x0C, 0x3C, 0xFB, 0xFF, 0xFF,
  0xFF, 0xFF, 0xFF, 0xFF, 0xFF, 0xFF, 0xFF, 0xFF, 0xFF, 0xFF, 0xFF, 0xFF,
  0xFF, 0xFF, 0xFF, 0xFF, 0xFF, 0xFF, 0xFF, 0xFF, 0xFF, 0xDF, 0x9F, 0x1E,
  0x1C, 0x00, 0x00, 0xE3, 0xCF, 0xBF, 0xFF, 0xFF, 0xFF, 0xFF, 0xFF, 0xFF,
  0xFF, 0xFF, 0xFF, 0xFF, 0xFF, 0xFF, 0xFF, 0xFF, 0xFF, 0xFF, 0xFF, 0xFF,
  0xFF, 0xFF, 0xFF, 0xFF, 0xFD, 0xF9, 0xF1, 0xE1, 0x80, 0x07, 0xFF, 0xFF,
  0xFF, 0xFF, 0xE0, 0x0F, 0xFF, 0xFF, 0xFF, 0xFF, 0xF0, 0x1F, 0xFF, 0xFF,
  0xFF, 0xFF, 0xF0, 0x0F, 0xFF, 0xFF, 0xFF, 0xFF, 0xE0, 0x07, 0xFF, 0xFF,
  0xFF, 0xFF, 0xC6, 0x03, 0xFF, 0xFF, 0xFF, 0xFF, 0x8F, 0x01, 0xFF, 0xFF,
  0xFF, 0xFF, 0x1F, 0x00, 0x00, 0x00, 0x00, 0x00, 0x3F, 0x00, 0x00, 0x00,
  0x00, 0x00, 0x7F, 0x00, 0x00, 0x00, 0x00, 0x00, 0x7F, 0x00, 0x00, 0x00,
  0x00, 0x00, 0x7F, 0x00, 0x00, 0x00, 0x00, 0x00, 0x7F, 0x00, 0x00, 0x00,
  0x00, 0x00, 0x7F, 0x00, 0x00, 0x00, 0x00, 0x00, 0x7F, 0x00, 0x00, 0x00,
  0x00, 0x00, 0x7F, 0x00, 0x00, 0x00, 0x00, 0x00, 0x7F, 0x00, 0x00, 0x00,
  0x00, 0x00, 0x7F, 0x00, 0x00, 0x00, 0x00, 0x00, 0x7F, 0x00, 0x00, 0x00,
  0x00, 0x00, 0x7F, 0x00, 0x00, 0x00, 0x00, 0x00, 0x7F, 0x00, 0x00, 0x00,
  0x00, 0x00, 0x7F, 0x00, 0x00, 0x00, 0x00, 0x00, 0x7F, 0x00, 0x00, 0x00,
  0x00, 0x00, 0x7F, 0x00, 0x00, 0x00, 0x00, 0x00, 0x7F, 0x00, 0x00, 0x00,
  0x00, 0x00, 0x7F, 0x00, 0x00, 0x00, 0x00, 0x00, 0x7F, 0x00, 0x00, 0x00,
  0x00, 0x00, 0x7F, 0x00, 0x00, 0x00, 0x00, 0x00, 0x7F, 0x00, 0x00, 0x00,
  0x00, 0x00, 0x7F, 0x00, 0x00, 0x00, 0x00, 0x00, 0x7F, 0x00, 0x00, 0x00,
  0x00, 0x00, 0x7F, 0x00, 0x00, 0x00, 0x00, 0x00, 0x7F, 0x00, 0x00, 0x00,
  0x00, 0x00, 0x7F, 0x00, 0x00, 0x00, 0x00, 0x00, 0x7F, 0x00, 0x00, 0x00,
  0x00, 0x00, 0x3F, 0x01, 0xFF, 0xF8, 0x1F, 0xFF, 0x9F, 0x03, 0xFF, 0xF8,
  0x3F, 0xFF, 0xCF, 0x07, 0xFF, 0xFC, 0x3F, 0xFF, 0xE7, 0x0F, 0xFF, 0xFE,
  0x7F, 0xFF, 0xF0, 0x0F, 0xFF, 0xFE, 0x7F, 0xFF, 0xF0, 0xC7, 0xFF, 0xFC,
  0x3F, 0xFF, 0xE0, 0xF3, 0xFF, 0xF8, 0x3F, 0xFF, 0xC0, 0xF9, 0xFF, 0xF8,
  0x1F, 0xFF, 0x80, 0xFC, 0x00, 0x00, 0x00, 0x00, 0x00, 0xFE, 0x00, 0x00,
  0x00, 0x00, 0x00, 0xFE, 0x00, 0x00, 0x00, 0x00, 0x00, 0xFE, 0x00, 0x00,
  0x00, 0x00, 0x00, 0xFE, 0x00, 0x00, 0x00, 0x00, 0x00, 0xFE, 0x00, 0x00,
  0x00, 0x00, 0x00, 0xFE, 0x00, 0x00, 0x00, 0x00, 0x00, 0xFE, 0x00, 0x00,
  0x00, 0x00, 0x00, 0xFE, 0x00, 0x00, 0x00, 0x00, 0x00, 0xFE, 0x00, 0x00,
  0x00, 0x00, 0x00, 0xFE, 0x00, 0x00, 0x00, 0x00, 0x00, 0xFE, 0x00, 0x00,
  0x00, 0x00, 0x00, 0xFE, 0x00, 0x00, 0x00, 0x00, 0x00, 0xFE, 0x00, 0x00,
  0x00, 0x00, 0x00, 0xFE, 0x00, 0x00, 0x00, 0x00, 0x00, 0xFE, 0x00, 0x00,
  0x00, 0x00, 0x00, 0xFE, 0x00, 0x00, 0x00, 0x00, 0x00, 0xFE, 0x00, 0x00,
  0x00, 0x00, 0x00, 0xFE, 0x00, 0x00, 0x00, 0x00, 0x00, 0xFE, 0x00, 0x00,
  0x00, 0x00, 0x00, 0xFE, 0x00, 0x00, 0x00, 0x00, 0x00, 0xFE, 0x00, 0x00,
  0x00, 0x00, 0x00, 0xFE, 0x00, 0x00, 0x00, 0x00, 0x00, 0xFE, 0x00, 0x00,
  0x00, 0x00, 0x00, 0xFE, 0x00, 0x00, 0x00, 0x00, 0x00, 0xFE, 0x00, 0x00,
  0x00, 0x00, 0x00, 0xFE, 0x00, 0x00, 0x00, 0x00, 0x00, 0xFC, 0x00, 0x00,
  0x00, 0x00, 0x00, 0xF9, 0xFF, 0xFF, 0xFF, 0xFF, 0x00, 0xF3, 0xFF, 0xFF,
  0xFF, 0xFF, 0x80, 0x67, 0xFF, 0xFF, 0xFF, 0xFF, 0xC0, 0x0F, 0xFF, 0xFF,
  0xFF, 0xFF, 0xE0, 0x1F, 0xFF, 0xFF, 0xFF, 0xFF, 0xF0, 0x0F, 0xFF, 0xFF,
  0xFF, 0xFF, 0xF0, 0x07, 0xFF, 0xFF, 0xFF, 0xFF, 0xE0, 0x3F, 0xFF, 0xFF,
  0xFF, 0xFF, 0x03, 0xFF, 0xFF, 0xFF, 0xFF, 0xFC, 0x3F, 0xFF, 0xFF, 0xFF,
  0xFF, 0xE0, 0xFF, 0xFF, 0xFF, 0xFF, 0xFE, 0x03, 0xFF, 0xFF, 0xFF, 0xFF,
  0xE3, 0x0F, 0xFF, 0xFF, 0xFF, 0xFE, 0x3C, 0x3F, 0xFF, 0xFF, 0xFF, 0xE3,
  0xE0, 0x00, 0x00, 0x00, 0x00, 0x3F, 0x00, 0x00, 0x00, 0x00, 0x03, 0xF8,
  0x00, 0x00, 0x00, 0x00, 0x1F, 0xC0, 0x00, 0x00, 0x00, 0x00, 0xFE, 0x00,
  0x00, 0x00, 0x00, 0x07, 0xF0, 0x00, 0x00, 0x00, 0x00, 0x3F, 0x80, 0x00,
  0x00, 0x00, 0x01, 0xFC, 0x00, 0x00, 0x00, 0x00, 0x0F, 0xE0, 0x00, 0x00,
  0x00, 0x00, 0x7F, 0x00, 0x00, 0x00, 0x00, 0x03, 0xF8, 0x00, 0x00, 0x00,
  0x00, 0x1F, 0xC0, 0x00, 0x00, 0x00, 0x00, 0xFE, 0x00, 0x00, 0x00, 0x00,
  0x07, 0xF0, 0x00, 0x00, 0x00, 0x00, 0x3F, 0x80, 0x00, 0x00, 0x00, 0x01,
  0xFC, 0x00, 0x00, 0x00, 0x00, 0x0F, 0xE0, 0x00, 0x00, 0x00, 0x00, 0x7F,
  0x00, 0x00, 0x00, 0x00, 0x03, 0xF8, 0x00, 0x00, 0x00, 0x00, 0x1F, 0xC0,
  0x00, 0x00, 0x00, 0x00, 0xFE, 0x00, 0x00, 0x00, 0x00, 0x07, 0xF0, 0x00,
  0x00, 0x00, 0x00, 0x3F, 0x80, 0x00, 0x00, 0x00, 0x01, 0xFC, 0x00, 0x00,
  0x00, 0x00, 0x0F, 0xE0, 0x00, 0x00, 0x00, 0x00, 0x7F, 0x00, 0x00, 0x00,
  0x00, 0x03, 0xF8, 0x00, 0x00, 0x00, 0x00, 0x1F, 0xC0, 0x00, 0x00, 0x00,
  0x00, 0x7E, 0x1F, 0xFF, 0x81, 0xFF, 0xF9, 0xF1, 0xFF, 0xFC, 0x1F, 0xFF,
  0xE7, 0x9F, 0xFF, 0xF0, 0xFF, 0xFF, 0x9D, 0xFF, 0xFF, 0xCF, 0xFF, 0xFE,
  0x0F, 0xFF, 0xFE, 0x7F, 0xFF, 0xF0, 0x3F, 0xFF, 0xE1, 0xFF, 0xFF, 0x38,
  0xFF, 0xFE, 0x0F, 0xFF, 0xF3, 0xC3, 0xFF, 0xF0, 0x3F, 0xFF, 0x3E, 0x00,
  0x00, 0x00, 0x00, 0x03, 0xF0, 0x00, 0x00, 0x00, 0x00, 0x3F, 0x80, 0x00,
  0x00, 0x00, 0x01, 0xFC, 0x00, 0x00, 0x00, 0x00, 0x0F, 0xE0, 0x00, 0x00,
  0x00, 0x00, 0x7F, 0x00, 0x00, 0x00, 0x00, 0x03, 0xF8, 0x00, 0x00, 0x00,
  0x00, 0x1F, 0xC0, 0x00, 0x00, 0x00, 0x00, 0xFE, 0x00, 0x00, 0x00, 0x00,
  0x07, 0xF0, 0x00, 0x00, 0x00, 0x00, 0x3F, 0x80, 0x00, 0x00, 0x00, 0x01,
  0xFC, 0x00, 0x00, 0x00, 0x00, 0x0F, 0xE0, 0x00, 0x00, 0x00, 0x00, 0x7F,
  0x00, 0x00, 0x00, 0x00, 0x03, 0xF8, 0x00, 0x00, 0x00, 0x00, 0x1F, 0xC0,
  0x00, 0x00, 0x00, 0x00, 0xFE, 0x00, 0x00, 0x00, 0x00, 0x07, 0xF0, 0x00,
  0x00, 0x00, 0x00, 0x3F, 0x80, 0x00, 0x00, 0x00, 0x01, 0xFC, 0x00, 0x00,
  0x00, 0x00, 0x0F, 0xE0, 0x00, 0x00, 0x00, 0x00, 0x7F, 0x00, 0x00, 0x00,
  0x00, 0x03, 0xF8, 0x00, 0x00, 0x00, 0x00, 0x1F, 0xC0, 0x00, 0x00, 0x00,
  0x00, 0xFE, 0x00, 0x00, 0x00, 0x00, 0x07, 0xF0, 0x00, 0x00, 0x00, 0x00,
  0x3F, 0x80, 0x00, 0x00, 0x00, 0x01, 0xFC, 0x00, 0x00, 0x00, 0x00, 0x07,
  0xE1, 0xFF, 0xFF, 0xFF, 0xFF, 0x1F, 0x1F, 0xFF, 0xFF, 0xFF, 0xFC, 0x79,
  0xFF, 0xFF, 0xFF, 0xFF, 0xF1, 0x9F, 0xFF, 0xFF, 0xFF, 0xFF, 0xC1, 0xFF,
  0xFF, 0xFF, 0xFF, 0xFF, 0x07, 0xFF, 0xFF, 0xFF, 0xFF, 0xF8, 0x1F, 0xFF,
  0xFF, 0xFF, 0xFF, 0x80, 0x60, 0x00, 0x00, 0x00, 0x00, 0x06, 0xF0, 0x00,
  0x00, 0x00, 0x00, 0x0F, 0xF8, 0x00, 0x00, 0x00, 0x00, 0x1F, 0xFC, 0x00,
  0x00, 0x00, 0x00, 0x3F, 0xFE, 0x00, 0x00, 0x00, 0x00, 0x7F, 0xFE, 0x00,
  0x00, 0x00, 0x00, 0x7F, 0xFE, 0x00, 0x00, 0x00, 0x00, 0x7F, 0xFE, 0x00,
  0x00, 0x00, 0x00, 0x7F, 0xFE, 0x00, 0x00, 0x00, 0x00, 0x7F, 0xFE, 0x00,
  0x00, 0x00, 0x00, 0x7F, 0xFE, 0x00, 0x00, 0x00, 0x00, 0x7F, 0xFE, 0x00,
  0x00, 0x00, 0x00, 0x7F, 0xFE, 0x00, 0x00, 0x00, 0x00, 0x7F, 0xFE, 0x00,
  0x00, 0x00, 0x00, 0x7F, 0xFE, 0x00, 0x00, 0x00, 0x00, 0x7F, 0xFE, 0x00,
  0x00, 0x00, 0x00, 0x7F, 0xFE, 0x00, 0x00, 0x00, 0x00, 0x7F, 0xFE, 0x00,
  0x00, 0x00, 0x00, 0x7F, 0xFE, 0x00, 0x00, 0x00, 0x00, 0x7F, 0xFE, 0x00,
  0x00, 0x00, 0x00, 0x7F, 0xFE, 0x00, 0x00, 0x00, 0x00, 0x7F, 0xFE, 0x00,
  0x00, 0x00, 0x00, 0x7F, 0xFE, 0x00, 0x00, 0x00, 0x00, 0x7F, 0xFE, 0x00,
  0x00, 0x00, 0x00, 0x7F, 0xFE, 0x00, 0x00, 0x00, 0x00, 0x7F, 0xFE, 0x00,
  0x00, 0x00, 0x00, 0x7F, 0xFE, 0x00, 0x00, 0x00, 0x00, 0x7F, 0xFE, 0x00,
  0x00, 0x00, 0x00, 0x7F, 0xFE, 0x00, 0x00, 0x00, 0x00, 0x7F, 0xFE, 0x00,
  0x00, 0x00, 0x00, 0x7F, 0xFC, 0x00, 0x00, 0x00, 0x00, 0x3F, 0xF9, 0xFF,
  0xF8, 0x1F, 0xFF, 0x9F, 0xF3, 0xFF, 0xF8, 0x3F, 0xFF, 0xCF, 0xC7, 0xFF,
  0xFC, 0x3F, 0xFF, 0xE7, 0x0F, 0xFF, 0xFE, 0x7F, 0xFF, 0xF0, 0x0F, 0xFF,
  0xFE, 0x7F, 0xFF, 0xF0, 0x07, 0xFF, 0xFC, 0x3F, 0xFF, 0xE7, 0x03, 0xFF,
  0xF8, 0x3F, 0xFF, 0xCF, 0x01, 0xFF, 0xF8, 0x1F, 0xFF, 0x9F, 0x00, 0x00,
  0x00, 0x00, 0x00, 0x3F, 0x00, 0x00, 0x00, 0x00, 0x00, 0x7F, 0x00, 0x00,
  0x00, 0x00, 0x00, 0x7F, 0x00, 0x00, 0x00, 0x00, 0x00, 0x7F, 0x00, 0x00,
  0x00, 0x00, 0x00, 0x7F, 0x00, 0x00, 0x00, 0x00, 0x00, 0x7F, 0x00, 0x00,
  0x00, 0x00, 0x00, 0x7F, 0x00, 0x00, 0x00, 0x00, 0x00, 0x7F, 0x00, 0x00,
  0x00, 0x00, 0x00, 0x7F, 0x00, 0x00, 0x00, 0x00, 0x00, 0x7F, 0x00, 0x00,
  0x00, 0x00, 0x00, 0x7F, 0x00, 0x00, 0x00, 0x00, 0x00, 0x7F, 0x00, 0x00,
  0x00, 0x00, 0x00, 0x7F, 0x00, 0x00, 0x00, 0x00, 0x00, 0x7F, 0x00, 0x00,
  0x00, 0x00, 0x00, 0x7F, 0x00, 0x00, 0x00, 0x00, 0x00, 0x7F, 0x00, 0x00,
  0x00, 0x00, 0x00, 0x7F, 0x00, 0x00, 0x00, 0x00, 0x00, 0x7F, 0x00, 0x00,
  0x00, 0x00, 0x00, 0x7F, 0x00, 0x00, 0x00, 0x00, 0x00, 0x7F, 0x00, 0x00,
  0x00, 0x00, 0x00, 0x7F, 0x00, 0x00, 0x00, 0x00, 0x00, 0x7F, 0x00, 0x00,
  0x00, 0x00, 0x00, 0x7F, 0x00, 0x00, 0x00, 0x00, 0x00, 0x7F, 0x00, 0x00,
  0x00, 0x00, 0x00, 0x7F, 0x00, 0x00, 0x00, 0x00, 0x00, 0x7F, 0x00, 0x00,
  0x00, 0x00, 0x00, 0x7F, 0x00, 0x00, 0x00, 0x00, 0x00, 0x3F, 0x00, 0x00,
  0x00, 0x00, 0x00, 0x1F, 0x00, 0x00, 0x00, 0x00, 0x00, 0x0F, 0x00, 0x00,
  0x00, 0x00, 0x00, 0x06, 0x07, 0xFF, 0xFF, 0xFF, 0xFF, 0xE0, 0x0F, 0xFF,
  0xFF, 0xFF, 0xFF, 0xF0, 0x1F, 0xFF, 0xFF, 0xFF, 0xFF, 0xF0, 0x0F, 0xFF,
  0xFF, 0xFF, 0xFF, 0xE0, 0x67, 0xFF, 0xFF, 0xFF, 0xFF, 0xC0, 0xF3, 0xFF,
  0xFF, 0xFF, 0xFF, 0x80, 0xF9, 0xFF, 0xFF, 0xFF, 0xFF, 0x00, 0xFC, 0x00,
  0x00, 0x00, 0x00, 0x00, 0xFE, 0x00, 0x00, 0x00, 0x00, 0x00, 0xFE, 0x00,
  0x00, 0x00, 0x00, 0x00, 0xFE, 0x00, 0x00, 0x00, 0x00, 0x00, 0xFE, 0x00,
  0x00, 0x00, 0x00, 0x00, 0xFE, 0x00, 0x00, 0x00, 0x00, 0x00, 0xFE, 0x00,
  0x00, 0x00, 0x00, 0x00, 0xFE, 0x00, 0x00, 0x00, 0x00, 0x00, 0xFE, 0x00,
  0x00, 0x00, 0x00, 0x00, 0xFE, 0x00, 0x00, 0x00, 0x00, 0x00, 0xFE, 0x00,
  0x00, 0x00, 0x00, 0x00, 0xFE, 0x00, 0x00, 0x00, 0x00, 0x00, 0xFE, 0x00,
  0x00, 0x00, 0x00, 0x00, 0xFE, 0x00, 0x00, 0x00, 0x00, 0x00, 0xFE, 0x00,
  0x00, 0x00, 0x00, 0x00, 0xFE, 0x00, 0x00, 0x00, 0x00, 0x00, 0xFE, 0x00,
  0x00, 0x00, 0x00, 0x00, 0xFE, 0x00, 0x00, 0x00, 0x00, 0x00, 0xFE, 0x00,
  0x00, 0x00, 0x00, 0x00, 0xFE, 0x00, 0x00, 0x00, 0x00, 0x00, 0xFE, 0x00,
  0x00, 0x00, 0x00, 0x00, 0xFE, 0x00, 0x00, 0x00, 0x00, 0x00, 0xFE, 0x00,
  0x00, 0x00, 0x00, 0x00, 0xFE, 0x00, 0x00, 0x00, 0x00, 0x00, 0xFE, 0x00,
  0x00, 0x00, 0x00, 0x00, 0xFE, 0x00, 0x00, 0x00, 0x00, 0x00, 0xFE, 0x00,
  0x00, 0x00, 0x00, 0x00, 0xFC, 0x00, 0x00, 0x00, 0x00, 0x00, 0xF9, 0xFF,
  0xF8, 0x1F, 0xFF, 0x80, 0xF3, 0xFF, 0xF8, 0x3F, 0xFF, 0xC0, 0xC7, 0xFF,
  0xFC, 0x3F, 0xFF, 0xE0, 0x0F, 0xFF, 0xFE, 0x7F, 0xFF, 0xF0, 0x0F, 0xFF,
  0xFE, 0x7F, 0xFF, 0xF0, 0x07, 0xFF, 0xFC, 0x3F, 0xFF, 0xE7, 0x03, 0xFF,
  0xF8, 0x3F, 0xFF, 0xCF, 0x01, 0xFF, 0xF8, 0x1F, 0xFF, 0x9F, 0x00, 0x00,
  0x00, 0x00, 0x00, 0x3F, 0x00, 0x00, 0x00, 0x00, 0x00, 0x7F, 0x00, 0x00,
  0x00, 0x00, 0x00, 0x7F, 0x00, 0x00, 0x00, 0x00, 0x00, 0x7F, 0x00, 0x00,
  0x00, 0x00, 0x00, 0x7F, 0x00, 0x00, 0x00, 0x00, 0x00, 0x7F, 0x00, 0x00,
  0x00, 0x00, 0x00, 0x7F, 0x00, 0x00, 0x00, 0x00, 0x00, 0x7F, 0x00, 0x00,
  0x00, 0x00, 0x00, 0x7F, 0x00, 0x00, 0x00, 0x00, 0x00, 0x7F, 0x00, 0x00,
  0x00, 0x00, 0x00, 0x7F, 0x00, 0x00, 0x00, 0x00, 0x00, 0x7F, 0x00, 0x00,
  0x00, 0x00, 0x00, 0x7F, 0x00, 0x00, 0x00, 0x00, 0x00, 0x7F, 0x00, 0x00,
  0x00, 0x00, 0x00, 0x7F, 0x00, 0x00, 0x00, 0x00, 0x00, 0x7F, 0x00, 0x00,
  0x00, 0x00, 0x00, 0x7F, 0x00, 0x00, 0x00, 0x00, 0x00, 0x7F, 0x00, 0x00,
  0x00, 0x00, 0x00, 0x7F, 0x00, 0x00, 0x00, 0x00, 0x00, 0x7F, 0x00, 0x00,
  0x00, 0x00, 0x00, 0x7F, 0x00, 0x00, 0x00, 0x00, 0x00, 0x7F, 0x00, 0x00,
  0x00, 0x00, 0x00, 0x7F, 0x00, 0x00, 0x00, 0x00, 0x00, 0x7F, 0x00, 0x00,
  0x00, 0x00, 0x00, 0x7F, 0x00, 0x00, 0x00, 0x00, 0x00, 0x7F, 0x00, 0x00,
  0x00, 0x00, 0x00, 0x7F, 0x00, 0x00, 0x00, 0x00, 0x00, 0x3F, 0x01, 0xFF,
  0xFF, 0xFF, 0xFF, 0x1F, 0x03, 0xFF, 0xFF, 0xFF, 0xFF, 0x8F, 0x07, 0xFF,
  0xFF, 0xFF, 0xFF, 0xC6, 0x0F, 0xFF, 0xFF, 0xFF, 0xFF, 0xE0, 0x1F, 0xFF,
  0xFF, 0xFF, 0xFF, 0xF0, 0x0F, 0xFF, 0xFF, 0xFF, 0xFF, 0xF0, 0x07, 0xFF,
  0xFF, 0xFF, 0xFF, 0xE0, 0x07, 0xFF, 0xFF, 0xFF, 0xFF, 0xE0, 0x0F, 0xFF,
  0xFF, 0xFF, 0xFF, 0xF0, 0x1F, 0xFF, 0xFF, 0xFF, 0xFF, 0xF0, 0x0F, 0xFF,
  0xFF, 0xFF, 0xFF, 0xE0, 0x67, 0xFF, 0xFF, 0xFF, 0xFF, 0xC0, 0xF3, 0xFF,
  0xFF, 0xFF, 0xFF, 0x80, 0xF9, 0xFF, 0xFF, 0xFF, 0xFF, 0x00, 0xFC, 0x00,
  0x00, 0x00, 0x00, 0x00, 0xFE, 0x00, 0x00, 0x00, 0x00, 0x00, 0xFE, 0x00,
  0x00, 0x00, 0x00, 0x00, 0xFE, 0x00, 0x00, 0x00, 0x00, 0x00, 0xFE, 0x00,
  0x00, 0x00, 0x00, 0x00, 0xFE, 0x00, 0x00, 0x00, 0x00, 0x00, 0xFE, 0x00,
  0x00, 0x00, 0x00, 0x00, 0xFE, 0x00, 0x00, 0x00, 0x00, 0x00, 0xFE, 0x00,
  0x00, 0x00, 0x00, 0x00, 0xFE, 0x00, 0x00, 0x00, 0x00, 0x00, 0xFE, 0x00,
  0x00, 0x00, 0x00, 0x00, 0xFE, 0x00, 0x00, 0x00, 0x00, 0x00, 0xFE, 0x00,
  0x00, 0x00, 0x00, 0x00, 0xFE, 0x00, 0x00, 0x00, 0x00, 0x00, 0xFE, 0x00,
  0x00, 0x00, 0x00, 0x00, 0xFE, 0x00, 0x00, 0x00, 0x00, 0x00, 0xFE, 0x00,
  0x00, 0x00, 0x00, 0x00, 0xFE, 0x00, 0x00, 0x00, 0x00, 0x00, 0xFE, 0x00,
  0x00, 0x00, 0x00, 0x00, 0xFE, 0x00, 0x00, 0x00, 0x00, 0x00, 0xFE, 0x00,
  0x00, 0x00, 0x00, 0x00, 0xFE, 0x00, 0x00, 0x00, 0x00, 0x00, 0xFE, 0x00,
  0x00, 0x00, 0x00, 0x00, 0xFE, 0x00, 0x00, 0x00, 0x00, 0x00, 0xFE, 0x00,
  0x00, 0x00, 0x00, 0x00, 0xFE, 0x00, 0x00, 0x00, 0x00, 0x00, 0xFE, 0x00,
  0x00, 0x00, 0x00, 0x00, 0xFC, 0x00, 0x00, 0x00, 0x00, 0x00, 0xF9, 0xFF,
  0xF8, 0x1F, 0xFF, 0x80, 0xF3, 0xFF, 0xF8, 0x3F, 0xFF, 0xC0, 0xC7, 0xFF,
  0xFC, 0x3F, 0xFF, 0xE0, 0x0F, 0xFF, 0xFE, 0x7F, 0xFF, 0xF0, 0x0F, 0xFF,
  0xFE, 0x7F, 0xFF, 0xF0, 0xC7, 0xFF, 0xFC, 0x3F, 0xFF, 0xE7, 0xF3, 0xFF,
  0xF8, 0x3F, 0xFF, 0xCF, 0xF9, 0xFF, 0xF8, 0x1F, 0xFF, 0x9F, 0xFC, 0x00,
  0x00, 0x00, 0x00, 0x3F, 0xFE, 0x00, 0x00, 0x00, 0x00, 0x7F, 0xFE, 0x00,
  0x00, 0x00, 0x00, 0x7F, 0xFE, 0x00, 0x00, 0x00, 0x00, 0x7F, 0xFE, 0x00,
  0x00, 0x00, 0x00, 0x7F, 0xFE, 0x00, 0x00, 0x00, 0x00, 0x7F, 0xFE, 0x00,
  0x00, 0x00, 0x00, 0x7F, 0xFE, 0x00, 0x00, 0x00, 0x00, 0x7F, 0xFE, 0x00,
  0x00, 0x00, 0x00, 0x7F, 0xFE, 0x00, 0x00, 0x00, 0x00, 0x7F, 0xFE, 0x00,
  0x00, 0x00, 0x00, 0x7F, 0xFE, 0x00, 0x00, 0x00, 0x00, 0x7F, 0xFE, 0x00,
  0x00, 0x00, 0x00, 0x7F, 0xFE, 0x00, 0x00, 0x00, 0x00, 0x7F, 0xFE, 0x00,
  0x00, 0x00, 0x00, 0x7F, 0xFE, 0x00, 0x00, 0x00, 0x00, 0x7F, 0xFE, 0x00,
  0x00, 0x00, 0x00, 0x7F, 0xFE, 0x00, 0x00, 0x00, 0x00, 0x7F, 0xFE, 0x00,
  0x00, 0x00, 0x00, 0x7F, 0xFE, 0x00, 0x00, 0x00, 0x00, 0x7F, 0xFE, 0x00,
  0x00, 0x00, 0x00, 0x7F, 0xFE, 0x00, 0x00, 0x00, 0x00, 0x7F, 0xFE, 0x00,
  0x00, 0x00, 0x00, 0x7F, 0xFE, 0x00, 0x00, 0x00, 0x00, 0x7F, 0xFE, 0x00,
  0x00, 0x00, 0x00, 0x7F, 0xFE, 0x00, 0x00, 0x00, 0x00, 0x7F, 0xFE, 0x00,
  0x00, 0x00, 0x00, 0x7F, 0xFC, 0x00, 0x00, 0x00, 0x00, 0x3F, 0xF9, 0xFF,
  0xFF, 0xFF, 0xFF, 0x1F, 0xF3, 0xFF, 0xFF, 0xFF, 0xFF, 0x8F, 0x67, 0xFF,
  0xFF, 0xFF, 0xFF, 0xC6, 0x0F, 0xFF, 0xFF, 0xFF, 0xFF, 0xE0, 0x1F, 0xFF,
  0xFF, 0xFF, 0xFF, 0xF0, 0x0F, 0xFF, 0xFF, 0xFF, 0xFF, 0xF0, 0x07, 0xFF,
  0xFF, 0xFF, 0xFF, 0xE0, 0x07, 0xFF, 0xFF, 0xFF, 0xFF, 0xE0, 0x0F, 0xFF,
  0xFF, 0xFF, 0xFF, 0xF0, 0x1F, 0xFF, 0xFF, 0xFF, 0xFF, 0xF0, 0x0F, 0xFF,
  0xFF, 0xFF, 0xFF, 0xE0, 0x67, 0xFF, 0xFF, 0xFF, 0xFF, 0xC6, 0xF3, 0xFF,
  0xFF, 0xFF, 0xFF, 0x8F, 0xF9, 0xFF, 0xFF, 0xFF, 0xFF, 0x1F, 0xFC, 0x00,
  0x00, 0x00, 0x00, 0x3F, 0xFE, 0x00, 0x00, 0x00, 0x00, 0x7F, 0xFE, 0x00,
  0x00, 0x00, 0x00, 0x7F, 0xFE, 0x00, 0x00, 0x00, 0x00, 0x7F, 0xFE, 0x00,
  0x00, 0x00, 0x00, 0x7F, 0xFE, 0x00, 0x00, 0x00, 0x00, 0x7F, 0xFE, 0x00,
  0x00, 0x00, 0x00, 0x7F, 0xFE, 0x00, 0x00, 0x00, 0x00, 0x7F, 0xFE, 0x00,
  0x00, 0x00, 0x00, 0x7F, 0xFE, 0x00, 0x00, 0x00, 0x00, 0x7F, 0xFE, 0x00,
  0x00, 0x00, 0x00, 0x7F, 0xFE, 0x00, 0x00, 0x00, 0x00, 0x7F, 0xFE, 0x00,
  0x00, 0x00, 0x00, 0x7F, 0xFE, 0x00, 0x00, 0x00, 0x00, 0x7F, 0xFE, 0x00,
  0x00, 0x00, 0x00, 0x7F, 0xFE, 0x00, 0x00, 0x00, 0x00, 0x7F, 0xFE, 0x00,
  0x00, 0x00, 0x00, 0x7F, 0xFE, 0x00, 0x00, 0x00, 0x00, 0x7F, 0xFE, 0x00,
  0x00, 0x00, 0x00, 0x7F, 0xFE, 0x00, 0x00, 0x00, 0x00, 0x7F, 0xFE, 0x00,
  0x00, 0x00, 0x00, 0x7F, 0xFE, 0x00, 0x00, 0x00, 0x00, 0x7F, 0xFE, 0x00,
  0x00, 0x00, 0x00, 0x7F, 0xFE, 0x00, 0x00, 0x00, 0x00, 0x7F, 0xFE, 0x00,
  0x00, 0x00, 0x00, 0x7F, 0xFE, 0x00, 0x00, 0x00, 0x00, 0x7F, 0xFE, 0x00,
  0x00, 0x00, 0x00, 0x7F, 0xFC, 0x00, 0x00, 0x00, 0x00, 0x3F, 0xF8, 0x00,
  0x00, 0x00, 0x00, 0x1F, 0xF0, 0x00, 0x00, 0x00, 0x00, 0x0F, 0xC0, 0x00,
  0x00, 0x00, 0x00, 0x07, 0x00, 0x00, 0x00, 0x00, 0x00, 0x00, 0x00, 0x00,
  0x00, 0x00, 0x00, 0x00, 0x00, 0x00, 0x00, 0x00, 0x00, 0x07, 0x00, 0x00,
  0x00, 0x00, 0x00, 0x0F, 0x00, 0x00, 0x00, 0x00, 0x00, 0x1F, 0x00, 0x00,
  0x00, 0x00, 0x00, 0x3F, 0x00, 0x00, 0x00, 0x00, 0x00, 0x7F, 0x00, 0x00,
  0x00, 0x00, 0x00, 0x7F, 0x00, 0x00, 0x00, 0x00, 0x00, 0x7F, 0x00, 0x00,
  0x00, 0x00, 0x00, 0x7F, 0x00, 0x00, 0x00, 0x00, 0x00, 0x7F, 0x00, 0x00,
  0x00, 0x00, 0x00, 0x7F, 0x00, 0x00, 0x00, 0x00, 0x00, 0x7F, 0x00, 0x00,
  0x00, 0x00, 0x00, 0x7F, 0x00, 0x00, 0x00, 0x00, 0x00, 0x7F, 0x00, 0x00,
  0x00, 0x00, 0x00, 0x7F, 0x00, 0x00, 0x00, 0x00, 0x00, 0x7F, 0x00, 0x00,
  0x00, 0x00, 0x00, 0x7F, 0x00, 0x00, 0x00, 0x00, 0x00, 0x7F, 0x00, 0x00,
  0x00, 0x00, 0x00, 0x7F, 0x00, 0x00, 0x00, 0x00, 0x00, 0x7F, 0x00, 0x00,
  0x00, 0x00, 0x00, 0x7F, 0x00, 0x00, 0x00, 0x00, 0x00, 0x7F, 0x00, 0x00,
  0x00, 0x00, 0x00, 0x7F, 0x00, 0x00, 0x00, 0x00, 0x00, 0x7F, 0x00, 0x00,
  0x00, 0x00, 0x00, 0x7F, 0x00, 0x00, 0x00, 0x00, 0x00, 0x7F, 0x00, 0x00,
  0x00, 0x00, 0x00, 0x7F, 0x00, 0x00, 0x00, 0x00, 0x00, 0x7F, 0x00, 0x00,
  0x00, 0x00, 0x00, 0x7F, 0x00, 0x00, 0x00, 0x00, 0x00, 0x7F, 0x00, 0x00,
  0x00, 0x00, 0x00, 0x7F, 0x00, 0x00, 0x00, 0x00, 0x00, 0x3F, 0x00, 0x00,
  0x00, 0x00, 0x00, 0x1F, 0x00, 0x00, 0x00, 0x00, 0x00, 0x0F, 0x00, 0x00,
  0x00, 0x00, 0x00, 0x06, 0x07, 0xFF, 0xFF, 0xFF, 0xFF, 0xE0, 0x0F, 0xFF,
  0xFF, 0xFF, 0xFF, 0xF0, 0x1F, 0xFF, 0xFF, 0xFF, 0xFF, 0xF0, 0x0F, 0xFF,
  0xFF, 0xFF, 0xFF, 0xE0, 0x67, 0xFF, 0xFF, 0xFF, 0xFF, 0xC6, 0xF3, 0xFF,
  0xFF, 0xFF, 0xFF, 0x8F, 0xF9, 0xFF, 0xFF, 0xFF, 0xFF, 0x1F, 0xFC, 0x00,
  0x00, 0x00, 0x00, 0x3F, 0xFE, 0x00, 0x00, 0x00, 0x00, 0x7F, 0xFE, 0x00,
  0x00, 0x00, 0x00, 0x7F, 0xFE, 0x00, 0x00, 0x00, 0x00, 0x7F, 0xFE, 0x00,
  0x00, 0x00, 0x00, 0x7F, 0xFE, 0x00, 0x00, 0x00, 0x00, 0x7F, 0xFE, 0x00,
  0x00, 0x00, 0x00, 0x7F, 0xFE, 0x00, 0x00, 0x00, 0x00, 0x7F, 0xFE, 0x00,
  0x00, 0x00, 0x00, 0x7F, 0xFE, 0x00, 0x00, 0x00, 0x00, 0x7F, 0xFE, 0x00,
  0x00, 0x00, 0x00, 0x7F, 0xFE, 0x00, 0x00, 0x00, 0x00, 0x7F, 0xFE, 0x00,
  0x00, 0x00, 0x00, 0x7F, 0xFE, 0x00, 0x00, 0x00, 0x00, 0x7F, 0xFE, 0x00,
  0x00, 0x00, 0x00, 0x7F, 0xFE, 0x00, 0x00, 0x00, 0x00, 0x7F, 0xFE, 0x00,
  0x00, 0x00, 0x00, 0x7F, 0xFE, 0x00, 0x00, 0x00, 0x00, 0x7F, 0xFE, 0x00,
  0x00, 0x00, 0x00, 0x7F, 0xFE, 0x00, 0x00, 0x00, 0x00, 0x7F, 0xFE, 0x00,
  0x00, 0x00, 0x00, 0x7F, 0xFE, 0x00, 0x00, 0x00, 0x00, 0x7F, 0xFE, 0x00,
  0x00, 0x00, 0x00, 0x7F, 0xFE, 0x00, 0x00, 0x00, 0x00, 0x7F, 0xFE, 0x00,
  0x00, 0x00, 0x00, 0x7F, 0xFE, 0x00, 0x00, 0x00, 0x00, 0x7F, 0xFE, 0x00,
  0x00, 0x00, 0x00, 0x7F, 0xFC, 0x00, 0x00, 0x00, 0x00, 0x3F, 0xF9, 0xFF,
  0xF8, 0x1F, 0xFF, 0x9F, 0xF3, 0xFF, 0xF8, 0x3F, 0xFF, 0xCF, 0xC7, 0xFF,
  0xFC, 0x3F, 0xFF, 0xE7, 0x0F, 0xFF, 0xFE, 0x7F, 0xFF, 0xF0, 0x0F, 0xFF,
  0xFE, 0x7F, 0xFF, 0xF0, 0xC7, 0xFF, 0xFC, 0x3F, 0xFF, 0xE7, 0xF3, 0xFF,
  0xF8, 0x3F, 0xFF, 0xCF, 0xF9, 0xFF, 0xF8, 0x1F, 0xFF, 0x9F, 0xFC, 0x00,
  0x00, 0x00, 0x00, 0x3F, 0xFE, 0x00, 0x00, 0x00, 0x00, 0x7F, 0xFE, 0x00,
  0x00, 0x00, 0x00, 0x7F, 0xFE, 0x00, 0x00, 0x00, 0x00, 0x7F, 0xFE, 0x00,
  0x00, 0x00, 0x00, 0x7F, 0xFE, 0x00, 0x00, 0x00, 0x00, 0x7F, 0xFE, 0x00,
  0x00, 0x00, 0x00, 0x7F, 0xFE, 0x00, 0x00, 0x00, 0x00, 0x7F, 0xFE, 0x00,
  0x00, 0x00, 0x00, 0x7F, 0xFE, 0x00, 0x00, 0x00, 0x00, 0x7F, 0xFE, 0x00,
  0x00, 0x00, 0x00, 0x7F, 0xFE, 0x00, 0x00, 0x00, 0x00, 0x7F, 0xFE, 0x00,
  0x00, 0x00, 0x00, 0x7F, 0xFE, 0x00, 0x00, 0x00, 0x00, 0x7F, 0xFE, 0x00,
  0x00, 0x00, 0x00, 0x7F, 0xFE, 0x00, 0x00, 0x00, 0x00, 0x7F, 0xFE, 0x00,
  0x00, 0x00, 0x00, 0x7F, 0xFE, 0x00, 0x00, 0x00, 0x00, 0x7F, 0xFE, 0x00,
  0x00, 0x00, 0x00, 0x7F, 0xFE, 0x00, 0x00, 0x00, 0x00, 0x7F, 0xFE, 0x00,
  0x00, 0x00, 0x00, 0x7F, 0xFE, 0x00, 0x00, 0x00, 0x00, 0x7F, 0xFE, 0x00,
  0x00, 0x00, 0x00, 0x7F, 0xFE, 0x00, 0x00, 0x00, 0x00, 0x7F, 0xFE, 0x00,
  0x00, 0x00, 0x00, 0x7F, 0xFE, 0x00, 0x00, 0x00, 0x00, 0x7F, 0xFE, 0x00,
  0x00, 0x00, 0x00, 0x7F, 0xFC, 0x00, 0x00, 0x00, 0x00, 0x3F, 0xF9, 0xFF,
  0xFF, 0xFF, 0xFF, 0x1F, 0xF3, 0xFF, 0xFF, 0xFF, 0xFF, 0x8F, 0x67, 0xFF,
  0xFF, 0xFF, 0xFF, 0xC6, 0x0F, 0xFF, 0xFF, 0xFF, 0xFF, 0xE0, 0x1F, 0xFF,
  0xFF, 0xFF, 0xFF, 0xF0, 0x0F, 0xFF, 0xFF, 0xFF, 0xFF, 0xF0, 0x07, 0xFF,
  0xFF, 0xFF, 0xFF, 0xE0, 0x07, 0xFF, 0xFF, 0xFF, 0xFF, 0xE0, 0x0F, 0xFF,
  0xFF, 0xFF, 0xFF, 0xF0, 0x1F, 0xFF, 0xFF, 0xFF, 0xFF, 0xF0, 0x0F, 0xFF,
  0xFF, 0xFF, 0xFF, 0xE0, 0x67, 0xFF, 0xFF, 0xFF, 0xFF, 0xC6, 0xF3, 0xFF,
  0xFF, 0xFF, 0xFF, 0x8F, 0xF9, 0xFF, 0xFF, 0xFF, 0xFF, 0x1F, 0xFC, 0x00,
  0x00, 0x00, 0x00, 0x3F, 0xFE, 0x00, 0x00, 0x00, 0x00, 0x7F, 0xFE, 0x00,
  0x00, 0x00, 0x00, 0x7F, 0xFE, 0x00, 0x00, 0x00, 0x00, 0x7F, 0xFE, 0x00,
  0x00, 0x00, 0x00, 0x7F, 0xFE, 0x00, 0x00, 0x00, 0x00, 0x7F, 0xFE, 0x00,
  0x00, 0x00, 0x00, 0x7F, 0xFE, 0x00, 0x00, 0x00, 0x00, 0x7F, 0xFE, 0x00,
  0x00, 0x00, 0x00, 0x7F, 0xFE, 0x00, 0x00, 0x00, 0x00, 0x7F, 0xFE, 0x00,
  0x00, 0x00, 0x00, 0x7F, 0xFE, 0x00, 0x00, 0x00, 0x00, 0x7F, 0xFE, 0x00,
  0x00, 0x00, 0x00, 0x7F, 0xFE, 0x00, 0x00, 0x00, 0x00, 0x7F, 0xFE, 0x00,
  0x00, 0x00, 0x00, 0x7F, 0xFE, 0x00, 0x00, 0x00, 0x00, 0x7F, 0xFE, 0x00,
  0x00, 0x00, 0x00, 0x7F, 0xFE, 0x00, 0x00, 0x00, 0x00, 0x7F, 0xFE, 0x00,
  0x00, 0x00, 0x00, 0x7F, 0xFE, 0x00, 0x00, 0x00, 0x00, 0x7F, 0xFE, 0x00,
  0x00, 0x00, 0x00, 0x7F, 0xFE, 0x00, 0x00, 0x00, 0x00, 0x7F, 0xFE, 0x00,
  0x00, 0x00, 0x00, 0x7F, 0xFE, 0x00, 0x00, 0x00, 0x00, 0x7F, 0xFE, 0x00,
  0x00, 0x00, 0x00, 0x7F, 0xFE, 0x00, 0x00, 0x00, 0x00, 0x7F, 0xFE, 0x00,
  0x00, 0x00, 0x00, 0x7F, 0xFC, 0x00, 0x00, 0x00, 0x00, 0x3F, 0xF9, 0xFF,
  0xF8, 0x1F, 0xFF, 0x9F, 0xF3, 0xFF, 0xF8, 0x3F, 0xFF, 0xCF, 0xC7, 0xFF,
  0xFC, 0x3F, 0xFF, 0xE7, 0x0F, 0xFF, 0xFE, 0x7F, 0xFF, 0xF0, 0x0F, 0xFF,
  0xFE, 0x7F, 0xFF, 0xF0, 0x07, 0xFF, 0xFC, 0x3F, 0xFF, 0xE7, 0x03, 0xFF,
  0xF8, 0x3F, 0xFF, 0xCF, 0x01, 0xFF, 0xF8, 0x1F, 0xFF, 0x9F, 0x00, 0x00,
  0x00, 0x00, 0x00, 0x3F, 0x00, 0x00, 0x00, 0x00, 0x00, 0x7F, 0x00, 0x00,
  0x00, 0x00, 0x00, 0x7F, 0x00, 0x00, 0x00, 0x00, 0x00, 0x7F, 0x00, 0x00,
  0x00, 0x00, 0x00, 0x7F, 0x00, 0x00, 0x00, 0x00, 0x00, 0x7F, 0x00, 0x00,
  0x00, 0x00, 0x00, 0x7F, 0x00, 0x00, 0x00, 0x00, 0x00, 0x7F, 0x00, 0x00,
  0x00, 0x00, 0x00, 0x7F, 0x00, 0x00, 0x00, 0x00, 0x00, 0x7F, 0x00, 0x00,
  0x00, 0x00, 0x00, 0x7F, 0x00, 0x00, 0x00, 0x00, 0x00, 0x7F, 0x00, 0x00,
  0x00, 0x00, 0x00, 0x7F, 0x00, 0x00, 0x00, 0x00, 0x00, 0x7F, 0x00, 0x00,
  0x00, 0x00, 0x00, 0x7F, 0x00, 0x00, 0x00, 0x00, 0x00, 0x7F, 0x00, 0x00,
  0x00, 0x00, 0x00, 0x7F, 0x00, 0x00, 0x00, 0x00, 0x00, 0x7F, 0x00, 0x00,
  0x00, 0x00, 0x00, 0x7F, 0x00, 0x00, 0x00, 0x00, 0x00, 0x7F, 0x00, 0x00,
  0x00, 0x00, 0x00, 0x7F, 0x00, 0x00, 0x00, 0x00, 0x00, 0x7F, 0x00, 0x00,
  0x00, 0x00, 0x00, 0x7F, 0x00, 0x00, 0x00, 0x00, 0x00, 0x7F, 0x00, 0x00,
  0x00, 0x00, 0x00, 0x7F, 0x00, 0x00, 0x00, 0x00, 0x00, 0x7F, 0x00, 0x00,
  0x00, 0x00, 0x00, 0x7F, 0x00, 0x00, 0x00, 0x00, 0x00, 0x3F, 0x01, 0xFF,
  0xFF, 0xFF, 0xFF, 0x1F, 0x03, 0xFF, 0xFF, 0xFF, 0xFF, 0x8F, 0x07, 0xFF,
  0xFF, 0xFF, 0xFF, 0xC6, 0x0F, 0xFF, 0xFF, 0xFF, 0xFF, 0xE0, 0x1F, 0xFF,
  0xFF, 0xFF, 0xFF, 0xF0, 0x0F, 0xFF, 0xFF, 0xFF, 0xFF, 0xF0, 0x07, 0xFF,
  0xFF, 0xFF, 0xFF, 0xE0, 0x1E, 0x1F, 0xC7, 0xFB, 0xFE, 0xFF, 0xFF, 0xFF,
  0xF9, 0xFE, 0x7F, 0x07, 0x00, 0x00, 0x00, 0x00, 0x00, 0x00, 0x00, 0x00,
  0x00, 0x00, 0x00, 0x00, 0x00, 0x00, 0x00, 0x00, 0x00, 0x00, 0x00, 0x00,
  0x00, 0x00, 0x00, 0x00, 0x00, 0x00, 0x00, 0x00, 0x1C, 0x0F, 0xC7, 0xFB,
  0xFE, 0xFF, 0xFF, 0xFF, 0xF9, 0xFE, 0x7F, 0x07, 0x80, 0xFF, 0xFF, 0xFF,
  0xFF, 0xFF, 0xFF, 0xFF, 0xFF, 0xC0, 0x00, 0x7E, 0x00, 0x03, 0xF0, 0x00,
  0x1F, 0x80, 0x00, 0xFC, 0x00, 0x07, 0xE0, 0x00, 0x3F, 0x00, 0x01, 0xF8,
  0x00, 0x0F, 0xC0, 0x00, 0x7E, 0x00, 0x03, 0xF0, 0x00, 0x1F, 0x80, 0x00,
  0xFC, 0x00, 0x07, 0xE0, 0x00, 0x3F, 0x00, 0x01, 0xF8, 0x00, 0x0F, 0xC0,
  0x00, 0x7E, 0x00, 0x03, 0xF0, 0x00, 0x1F, 0x80, 0x00, 0xFC, 0x00, 0x07,
  0xE0, 0x00, 0x3F, 0x00, 0x01, 0xF8, 0x00, 0x0F, 0xC0, 0x00, 0x7E, 0x00,
  0x03, 0xF0, 0x00, 0x1F, 0x80, 0x00, 0xFC, 0x00, 0x07, 0xE0, 0x00, 0x3F,
  0x00, 0x01, 0xF8, 0x00, 0x0F, 0xC0, 0x00, 0x7E, 0x00, 0x03, 0xF0, 0x00,
  0x1F, 0x80, 0x00, 0xFC, 0x00, 0x07, 0xE0, 0x00, 0x3F, 0x00, 0x01, 0xF8,
  0x00, 0x0F, 0xC0, 0x00, 0x7E, 0x00, 0x03, 0xF0, 0x00, 0x1F, 0x80, 0x00,
  0xFC, 0x00, 0x07, 0xE0, 0x00, 0x3F, 0xFF, 0xFF, 0xFF, 0xFF, 0xFF, 0xFF,
  0xFF, 0xF0, 0x00, 0x00, 0x00, 0x00, 0x30, 0x00, 0x00, 0x00, 0x00, 0x38,
  0x00, 0x00, 0x00, 0x00, 0x1C, 0x00, 0x00, 0x00, 0x00, 0x1E, 0x00, 0x00,
  0x00, 0x00, 0x1F, 0x00, 0x00, 0x00, 0x00, 0x0F, 0x80, 0x00, 0x00, 0x00,
  0x0F, 0xC0, 0x00, 0x00, 0x00, 0x07, 0xE0, 0x00, 0x00, 0x00, 0x07, 0xF0,
  0x00, 0x00, 0x00, 0x07, 0xF8, 0x00, 0x00, 0x00, 0x03, 0xFC, 0x00, 0x00,
  0x00, 0x03, 0xFE, 0x00, 0x00, 0x00, 0x01, 0xFE, 0x00, 0x00, 0x00, 0x01,
  0xFF, 0x00, 0x00, 0x00, 0x00, 0xFF, 0x00, 0x00, 0x00, 0x00, 0x7F, 0x00,
  0x00, 0x00, 0x00, 0x3F, 0x80, 0x00, 0x00, 0x00, 0x1F, 0x80, 0x00, 0x00,
  0x00, 0x0F, 0xC0, 0x00, 0x00, 0x00, 0x07, 0xC0, 0x00, 0x00, 0x00, 0x03,
  0xE0, 0x00, 0x00, 0x00, 0x01, 0xE0, 0x00, 0x00, 0x00, 0x00, 0xE0, 0x00,
  0x00, 0x00, 0x00, 0x70, 0x00, 0x00, 0x00, 0x00, 0x30, 0x00, 0x00, 0x00,
  0x00, 0x00, 0x00, 0x00, 0x00, 0x00, 0x00, 0x00, 0x00, 0x00, 0x00, 0x00,
  0x00, 0x00, 0x00, 0x00, 0x00, 0x00, 0x00, 0x00, 0x00, 0x00, 0x00, 0x00,
  0x00, 0x00, 0x00, 0x00, 0x00, 0x00, 0x00, 0x00, 0x00, 0x00, 0x00, 0x00,
  0x00, 0x00, 0x00, 0x00, 0x00, 0x00, 0x00, 0x00, 0x00, 0x00, 0x00, 0x00,
  0x00, 0x00, 0x00, 0xE0, 0x00, 0x00, 0x00, 0x00, 0x70, 0x00, 0x00, 0x00,
  0x00, 0x78, 0x00, 0x00, 0x00, 0x00, 0x3C, 0x00, 0x00, 0x00, 0x00, 0x3E,
  0x00, 0x00, 0x00, 0x00, 0x1F, 0x00, 0x00, 0x00, 0x00, 0x1F, 0x80, 0x00,
  0x00, 0x00, 0x1F, 0xC0, 0x00, 0x00, 0x00, 0x0F, 0xE0, 0x00, 0x00, 0x00,
  0x0F, 0xF0, 0x00, 0x00, 0x00, 0x07, 0xF8, 0x00, 0x00, 0x00, 0x07, 0xF8,
  0x00, 0x00, 0x00, 0x07, 0xFC, 0x00, 0x00, 0x00, 0x03, 0xFC, 0x00, 0x00,
  0x00, 0x01, 0xFE, 0x00, 0x00, 0x00, 0x00, 0xFE, 0x00, 0x00, 0x00, 0x00,
  0x7F, 0x00, 0x00, 0x00, 0x00, 0x3F, 0x00, 0x00, 0x00, 0x00, 0x1F, 0x00,
  0x00, 0x00, 0x00, 0x0F, 0x80, 0x00, 0x00, 0x00, 0x07, 0x80, 0x00, 0x00,
  0x00, 0x03, 0xC0, 0x00, 0x00, 0x00, 0x01, 0xC0, 0x00, 0x00, 0x00, 0x00,
  0xE0, 0x00, 0x00, 0x00, 0x00, 0x60, 0x00, 0x00, 0x00, 0x00, 0x00, 0x00,
  0x00, 0x00, 0x00, 0x00, 0x00, 0x00, 0x00, 0x00, 0x3F, 0xFF, 0xFF, 0xFF,
  0xE0, 0x3F, 0xFF, 0xFF, 0xFF, 0xF8, 0x3F, 0xFF, 0xFF, 0xFF, 0xFE, 0x3F,
  0xFF, 0xFF, 0xFF, 0xFF, 0xBF, 0xFF, 0xFF, 0xFF, 0xFF, 0xEF, 0xFF, 0xFF,
  0xFF, 0xFF, 0xF3, 0xFF, 0xFF, 0xFF, 0xFF, 0xF0, 0x0F, 0xFF, 0xC0, 0xFF,
  0xFC, 0x0F, 0xFF, 0xE0, 0xFF, 0xFF, 0x0F, 0xFF, 0xF8, 0x7F, 0xFF, 0xCF,
  0xFF, 0xFE, 0x7F, 0xFF, 0xF7, 0xFF, 0xFF, 0x3F, 0xFF, 0xF9, 0xFF, 0xFF,
  0x0F, 0xFF, 0xF8, 0x7F, 0xFF, 0x07, 0xFF, 0xF8, 0x1F, 0xFF, 0x81, 0xFF,
  0xF8, 0x00, 0x00, 0x00, 0x00, 0x00, 0x00, 0x00, 0x00, 0x00, 0x00, 0x00,
  0x00, 0x00, 0x00, 0x00, 0x00, 0x00, 0x00, 0x00, 0x00, 0x00, 0x00, 0x00,
  0x00, 0x00, 0x00, 0x00, 0x00, 0x00, 0x00, 0x00, 0x00, 0x00, 0x00, 0x00,
  0x00, 0x00, 0x00, 0x00, 0x00, 0x00, 0x00, 0x00, 0x00, 0x00, 0x00, 0x00,
  0x00, 0x00, 0x00, 0x00, 0x00, 0x00, 0x00, 0x00, 0x00, 0x00, 0x00, 0x00,
  0x00, 0x00, 0x00, 0x00, 0x00, 0x00, 0x00, 0x00, 0x00, 0x00, 0x00, 0x00,
  0x00, 0x00, 0x00, 0x00, 0x00, 0x00, 0x00, 0x00, 0x00, 0x00, 0x00, 0x00,
  0x00, 0x00, 0x00, 0x00, 0x00, 0x00, 0x00, 0x00, 0x00, 0x00, 0x00, 0x00,
  0x00, 0x00, 0x00, 0x00, 0x00, 0x00, 0x00, 0x00, 0x00, 0x00, 0x00, 0x00,
  0x00, 0x00, 0x00, 0x00, 0x00, 0x00, 0x00, 0x00, 0x00, 0x00, 0x00, 0x00,
  0x00, 0x00, 0x00, 0x00, 0x00, 0x00, 0x00, 0x00, 0x00, 0x00, 0x00, 0x00,
  0x00, 0x00, 0x00, 0x00, 0x00, 0x00, 0x00, 0x00, 0x00, 0x00, 0x00, 0x00,
  0x00, 0xFF, 0xFF, 0xFF, 0xFF, 0x80, 0xFF, 0xFF, 0xFF, 0xFF, 0xE0, 0xFF,
  0xFF, 0xFF, 0xFF, 0xF8, 0xFF, 0xFF, 0xFF, 0xFF, 0xFE, 0xFF, 0xFF, 0xFF,
  0xFF, 0xFF, 0xBF, 0xFF, 0xFF, 0xFF, 0xFF, 0xCF, 0xFF, 0xFF, 0xFF, 0xFF,
  0xC0, 0x03, 0x00, 0x00, 0x00, 0x00, 0x01, 0xC0, 0x00, 0x00, 0x00, 0x00,
  0xE0, 0x00, 0x00, 0x00, 0x00, 0x78, 0x00, 0x00, 0x00, 0x00, 0x3C, 0x00,
  0x00, 0x00, 0x00, 0x1F, 0x00, 0x00, 0x00, 0x00, 0x0F, 0x80, 0x00, 0x00,
  0x00, 0x07, 0xE0, 0x00, 0x00, 0x00, 0x03, 0xF8, 0x00, 0x00, 0x00, 0x01,
  0xFC, 0x00, 0x00, 0x00, 0x00, 0xFF, 0x00, 0x00, 0x00, 0x00, 0x7F, 0x80,
  0x00, 0x00, 0x00, 0x1F, 0xE0, 0x00, 0x00, 0x00, 0x0F, 0xF0, 0x00, 0x00,
  0x00, 0x03, 0xFC, 0x00, 0x00, 0x00, 0x01, 0xFE, 0x00, 0x00, 0x00, 0x00,
  0x7F, 0x00, 0x00, 0x00, 0x00, 0x3F, 0x80, 0x00, 0x00, 0x00, 0x0F, 0xC0,
  0x00, 0x00, 0x00, 0x03, 0xE0, 0x00, 0x00, 0x00, 0x01, 0xF0, 0x00, 0x00,
  0x00, 0x00, 0x78, 0x00, 0x00, 0x00, 0x00, 0x3C, 0x00, 0x00, 0x00, 0x00,
  0x0E, 0x00, 0x00, 0x00, 0x00, 0x07, 0x00, 0x00, 0x00, 0x00, 0x00, 0x00,
  0x00, 0x00, 0x00, 0x00, 0x00, 0x00, 0x00, 0x00, 0x00, 0x00, 0x00, 0x00,
  0x00, 0x00, 0x00, 0x00, 0x00, 0x00, 0x00, 0x00, 0x00, 0x00, 0x00, 0x00,
  0x00, 0x00, 0x00, 0x00, 0x00, 0x00, 0x00, 0x00, 0x00, 0x00, 0x00, 0x00,
  0x00, 0x00, 0x00, 0x00, 0x00, 0x00, 0x00, 0x00, 0x00, 0x00, 0x00, 0x00,
  0x00, 0x00, 0x00, 0x06, 0x00, 0x00, 0x00, 0x00, 0x03, 0x80, 0x00, 0x00,
  0x00, 0x01, 0xC0, 0x00, 0x00, 0x00, 0x00, 0xF0, 0x00, 0x00, 0x00, 0x00,
  0x78, 0x00, 0x00, 0x00, 0x00, 0x3E, 0x00, 0x00, 0x00, 0x00, 0x1F, 0x80,
  0x00, 0x00, 0x00, 0x0F, 0xC0, 0x00, 0x00, 0x00, 0x07, 0xF0, 0x00, 0x00,
  0x00, 0x03, 0xF8, 0x00, 0x00, 0x00, 0x01, 0xFE, 0x00, 0x00, 0x00, 0x00,
  0xFF, 0x80, 0x00, 0x00, 0x00, 0x3F, 0xC0, 0x00, 0x00, 0x00, 0x1F, 0xF0,
  0x00, 0x00, 0x00, 0x07, 0xF8, 0x00, 0x00, 0x00, 0x03, 0xFC, 0x00, 0x00,
  0x00, 0x00, 0xFE, 0x00, 0x00, 0x00, 0x00, 0x3F, 0x00, 0x00, 0x00, 0x00,
  0x1F, 0x80, 0x00, 0x00, 0x00, 0x07, 0xC0, 0x00, 0x00, 0x00, 0x03, 0xE0,
  0x00, 0x00, 0x00, 0x00, 0xF0, 0x00, 0x00, 0x00, 0x00, 0x38, 0x00, 0x00,
  0x00, 0x00, 0x1C, 0x00, 0x00, 0x00, 0x00, 0x06, 0x00, 0x00, 0x00, 0x00,
  0x00, 0x00, 0x00, 0x00, 0x00, 0x00, 0x00, 0x3F, 0xFF, 0xFF, 0xFF, 0xE0,
  0x3F, 0xFF, 0xFF, 0xFF, 0xF8, 0x3F, 0xFF, 0xFF, 0xFF, 0xFE, 0x3F, 0xFF,
  0xFF, 0xFF, 0xFF, 0xBF, 0xFF, 0xFF, 0xFF, 0xFF, 0xEF, 0xFF, 0xFF, 0xFF,
  0xFF, 0xF3, 0xFF, 0xFF, 0xFF, 0xFF, 0xF0, 0x07, 0xFF, 0xFF, 0xFF, 0xFF,
  0xE0, 0x0F, 0xFF, 0xFF, 0xFF, 0xFF, 0xF0, 0x1F, 0xFF, 0xFF, 0xFF, 0xFF,
  0xF0, 0x0F, 0xFF, 0xFF, 0xFF, 0xFF, 0xE0, 0x67, 0xFF, 0xFF, 0xFF, 0xFF,
  0xC6, 0xF3, 0xFF, 0xFF, 0xFF, 0xFF, 0x8F, 0xF9, 0xFF, 0xFF, 0xFF, 0xFF,
  0x1F, 0xFC, 0x00, 0x00, 0x00, 0x00, 0x3F, 0xFE, 0x00, 0x00, 0x00, 0x00,
  0x7F, 0xFE, 0x00, 0x00, 0x00, 0x00, 0x7F, 0xFE, 0x00, 0x00, 0x00, 0x00,
  0x7F, 0xFE, 0x00, 0x00, 0x00, 0x00, 0x7F, 0xFE, 0x00, 0x00, 0x00, 0x00,
  0x7F, 0xFE, 0x00, 0x00, 0x00, 0x00, 0x7F, 0xFE, 0x00, 0x00, 0x00, 0x00,
  0x7F, 0xFE, 0x00, 0x00, 0x00, 0x00, 0x7F, 0xFE, 0x00, 0x00, 0x00, 0x00,
  0x7F, 0xFE, 0x00, 0x00, 0x00, 0x00, 0x7F, 0xFE, 0x00, 0x00, 0x00, 0x00,
  0x7F, 0xFE, 0x00, 0x00, 0x00, 0x00, 0x7F, 0xFE, 0x00, 0x00, 0x00, 0x00,
  0x7F, 0xFE, 0x00, 0x00, 0x00, 0x00, 0x7F, 0xFE, 0x00, 0x00, 0x00, 0x00,
  0x7F, 0xFE, 0x00, 0x00, 0x00, 0x00, 0x7F, 0xFE, 0x00, 0x00, 0x00, 0x00,
  0x7F, 0xFE, 0x00, 0x00, 0x00, 0x00, 0x7F, 0xFE, 0x00, 0x00, 0x00, 0x00,
  0x7F, 0xFE, 0x00, 0x00, 0x00, 0x00, 0x7F, 0xFE, 0x00, 0x00, 0x00, 0x00,
  0x7F, 0xFE, 0x00, 0x00, 0x00, 0x00, 0x7F, 0xFE, 0x00, 0x00, 0x00, 0x00,
  0x7F, 0xFE, 0x00, 0x00, 0x00, 0x00, 0x7F, 0xFE, 0x00, 0x00, 0x00, 0x00,
  0x7F, 0xFE, 0x00, 0x00, 0x00, 0x00, 0x7F, 0xFC, 0x00, 0x00, 0x00, 0x00,
  0x3F, 0xF8, 0x00, 0x00, 0x1F, 0xFF, 0x9F, 0xF0, 0x00, 0x00, 0x3F, 0xFF,
  0xCF, 0xC0, 0x00, 0x00, 0x3F, 0xFF, 0xE7, 0x00, 0x00, 0x00, 0x7F, 0xFF,
  0xF0, 0x00, 0x00, 0x00, 0x7F, 0xFF, 0xF0, 0x00, 0x00, 0x00, 0x3F, 0xFF,
  0xE0, 0x00, 0x00, 0x01, 0x3F, 0xFF, 0xC0, 0x00, 0x00, 0x01, 0x9F, 0xFF,
  0x80, 0x00, 0x00, 0x03, 0x80, 0x00, 0x00, 0x00, 0x00, 0x03, 0xC0, 0x00,
  0x00, 0x00, 0x00, 0x07, 0xE0, 0x00, 0x00, 0x00, 0x00, 0x0F, 0xE0, 0x00,
  0x00, 0x00, 0x00, 0x0F, 0xE0, 0x00, 0x00, 0x00, 0x00, 0x0F, 0xE0, 0x00,
  0x00, 0x00, 0x00, 0x0F, 0xE0, 0x00, 0x00, 0x00, 0x00, 0x0F, 0xE0, 0x00,
  0x00, 0x00, 0x00, 0x0F, 0xE0, 0x00, 0x00, 0x00, 0x00, 0x0F, 0xE0, 0x00,
  0x00, 0x00, 0x00, 0x0F, 0xE0, 0x00, 0x00, 0x00, 0x00, 0x0F, 0xE0, 0x00,
  0x00, 0x00, 0x00, 0x0F, 0xE0, 0x00, 0x00, 0x00, 0x00, 0x0F, 0xE0, 0x00,
  0x00, 0x00, 0x00, 0x0F, 0xE0, 0x00, 0x00, 0x00, 0x00, 0x0F, 0xE0, 0x00,
  0x00, 0x00, 0x00, 0x0F, 0xE0, 0x00, 0x00, 0x00, 0x00, 0x0F, 0xE0, 0x00,
  0x00, 0x00, 0x00, 0x0F, 0xE0, 0x00, 0x00, 0x00, 0x00, 0x0F, 0xE0, 0x00,
  0x00, 0x00, 0x00, 0x0F, 0xE0, 0x00, 0x00, 0x00, 0x00, 0x0F, 0xE0, 0x00,
  0x00, 0x00, 0x00, 0x0F, 0xE0, 0x00, 0x00, 0x00, 0x00, 0x0F, 0xE0, 0x00,
  0x00, 0x00, 0x00, 0x0F, 0xE0, 0x00, 0x00, 0x00, 0x00, 0x0F, 0xE0, 0x00,
  0x00, 0x07, 0xFF, 0xFF, 0xFF, 0xFF, 0xE0, 0x0F, 0xFF, 0xFF, 0xFF, 0xFF,
  0xF0, 0x1F, 0xFF, 0xFF, 0xFF, 0xFF, 0xF0, 0x0F, 0xFF, 0xFF, 0xFF, 0xFF,
  0xE0, 0x67, 0xFF, 0xFF, 0xFF, 0xFF, 0xC6, 0xF3, 0xFF, 0xFF, 0xFF, 0xFF,
  0x8F, 0xF9, 0xFF, 0xFF, 0xFF, 0xFF, 0x1F, 0xFC, 0x00, 0x00, 0x00, 0x00,
  0x3F, 0xFE, 0x00, 0x00, 0x00, 0x00, 0x7F, 0xFE, 0x00, 0x00, 0x00, 0x00,
  0x7F, 0xFE, 0x00, 0x00, 0x00, 0x00, 0x7F, 0xFE, 0x00, 0x00, 0x00, 0x00,
  0x7F, 0xFE, 0x00, 0x00, 0x00, 0x00, 0x7F, 0xFE, 0x00, 0x00, 0x00, 0x00,
  0x7F, 0xFE, 0x00, 0x00, 0x00, 0x00, 0x7F, 0xFE, 0x00, 0x00, 0x00, 0x00,
  0x7F, 0xFE, 0x00, 0x00, 0x00, 0x00, 0x7F, 0xFE, 0x00, 0x00, 0x00, 0x00,
  0x7F, 0xFE, 0x00, 0x00, 0x00, 0x00, 0x7F, 0xFE, 0x00, 0x00, 0x00, 0x00,
  0x7F, 0xFE, 0x00, 0x00, 0x00, 0x00, 0x7F, 0xFE, 0x00, 0x00, 0x00, 0x00,
  0x7F, 0xFE, 0x00, 0x00, 0x00, 0x00, 0x7F, 0xFE, 0x00, 0x00, 0x00, 0x00,
  0x7F, 0xFE, 0x00, 0x00, 0x00, 0x00, 0x7F, 0xFE, 0x00, 0x00, 0x00, 0x00,
  0x7F, 0xFE, 0x00, 0x00, 0x00, 0x00, 0x7F, 0xFE, 0x00, 0x00, 0x00, 0x00,
  0x7F, 0xFE, 0x00, 0x00, 0x00, 0x00, 0x7F, 0xFE, 0x00, 0x00, 0x00, 0x00,
  0x7F, 0xFE, 0x00, 0x00, 0x00, 0x00, 0x7F, 0xFE, 0x00, 0x00, 0x00, 0x00,
  0x7F, 0xFE, 0x00, 0x00, 0x00, 0x00, 0x7F, 0xFE, 0x00, 0x00, 0x00, 0x00,
  0x7F, 0xFC, 0x00, 0x00, 0x00, 0x00, 0x3F, 0xF8, 0x00, 0x00, 0x1F, 0xFF,
  0x9F, 0xF0, 0x00, 0x00, 0x3F, 0xFF, 0xCF, 0xC0, 0x00, 0x00, 0x3F, 0xFF,
  0xE7, 0x00, 0x00, 0x00, 0x7F, 0xFF, 0xF0, 0x00, 0x00, 0x00, 0x7F, 0xFF,
  0xF0, 0xC0, 0x00, 0x00, 0x3F, 0xFF, 0xE7, 0xF0, 0x00, 0x01, 0x3F, 0xFF,
  0xCF, 0xF8, 0x00, 0x01, 0x9F, 0xFF, 0x9F, 0xFC, 0x00, 0x03, 0x80, 0x00,
  0x3F, 0xFE, 0x00, 0x03, 0xC0, 0x00, 0x7F, 0xFE, 0x00, 0x07, 0xE0, 0x00,
  0x7F, 0xFE, 0x00, 0x0F, 0xE0, 0x00, 0x7F, 0xFE, 0x00, 0x0F, 0xE0, 0x00,
  0x7F, 0xFE, 0x00, 0x0F, 0xE0, 0x00, 0x7F, 0xFE, 0x00, 0x0F, 0xE0, 0x00,
  0x7F, 0xFE, 0x00, 0x0F, 0xE0, 0x00, 0x7F, 0xFE, 0x00, 0x0F, 0xE0, 0x00,
  0x7F, 0xFE, 0x00, 0x0F, 0xE0, 0x00, 0x7F, 0xFE, 0x00, 0x0F, 0xE0, 0x00,
  0x7F, 0xFE, 0x00, 0x0F, 0xE0, 0x00, 0x7F, 0xFE, 0x00, 0x0F, 0xE0, 0x00,
  0x7F, 0xFE, 0x00, 0x0F, 0xE0, 0x00, 0x7F, 0xFE, 0x00, 0x0F, 0xE0, 0x00,
  0x7F, 0xFE, 0x00, 0x0F, 0xE0, 0x00, 0x7F, 0xFE, 0x00, 0x0F, 0xE0, 0x00,
  0x7F, 0xFE, 0x00, 0x0F, 0xE0, 0x00, 0x7F, 0xFE, 0x00, 0x0F, 0xE0, 0x00,
  0x7F, 0xFE, 0x00, 0x0F, 0xE0, 0x00, 0x7F, 0xFE, 0x00, 0x0F, 0xE0, 0x00,
  0x7F, 0xFE, 0x00, 0x0F, 0xE0, 0x00, 0x7F, 0xFE, 0x00, 0x0F, 0xE0, 0x00,
  0x7F, 0xFE, 0x00, 0x0F, 0xE0, 0x00, 0x7F, 0xFE, 0x00, 0x0F, 0xE0, 0x00,
  0x7F, 0xFE, 0x00, 0x0F, 0xE0, 0x00, 0x7F, 0xFE, 0x00, 0x00, 0x00, 0x00,
  0x7F, 0xFC, 0x00, 0x00, 0x00, 0x00, 0x3F, 0xF9, 0xFF, 0xFF, 0xFF, 0xFF,
  0x1F, 0xF3, 0xFF, 0xFF, 0xFF, 0xFF, 0x8F, 0x67, 0xFF, 0xFF, 0xFF, 0xFF,
  0xC6, 0x0F, 0xFF, 0xFF, 0xFF, 0xFF, 0xE0, 0x1F, 0xFF, 0xFF, 0xFF, 0xFF,
  0xF0, 0x0F, 0xFF, 0xFF, 0xFF, 0xFF, 0xF0, 0x07, 0xFF, 0xFF, 0xFF, 0xFF,
  0xE0, 0x07, 0xFF, 0xFF, 0xFF, 0xFF, 0xE0, 0x0F, 0xFF, 0xFF, 0xFF, 0xFF,
  0xF0, 0x1F, 0xFF, 0xFF, 0xFF, 0xFF, 0xF0, 0x0F, 0xFF, 0xFF, 0xFF, 0xFF,
  0xE0, 0x67, 0xFF, 0xFF, 0xFF, 0xFF, 0xC6, 0xF3, 0xFF, 0xFF, 0xFF, 0xFF,
  0x8F, 0xF9, 0xFF, 0xFF, 0xFF, 0xFF, 0x1F, 0xFC, 0x00, 0x00, 0x00, 0x00,
  0x3F, 0xFE, 0x00, 0x00, 0x00, 0x00, 0x7F, 0xFE, 0x00, 0x00, 0x00, 0x00,
  0x7F, 0xFE, 0x00, 0x00, 0x00, 0x00, 0x7F, 0xFE, 0x00, 0x00, 0x00, 0x00,
  0x7F, 0xFE, 0x00, 0x00, 0x00, 0x00, 0x7F, 0xFE, 0x00, 0x00, 0x00, 0x00,
  0x7F, 0xFE, 0x00, 0x00, 0x00, 0x00, 0x7F, 0xFE, 0x00, 0x00, 0x00, 0x00,
  0x7F, 0xFE, 0x00, 0x00, 0x00, 0x00, 0x7F, 0xFE, 0x00, 0x00, 0x00, 0x00,
  0x7F, 0xFE, 0x00, 0x00, 0x00, 0x00, 0x7F, 0xFE, 0x00, 0x00, 0x00, 0x00,
  0x7F, 0xFE, 0x00, 0x00, 0x00, 0x00, 0x7F, 0xFE, 0x00, 0x00, 0x00, 0x00,
  0x7F, 0xFE, 0x00, 0x00, 0x00, 0x00, 0x7F, 0xFE, 0x00, 0x00, 0x00, 0x00,
  0x7F, 0xFE, 0x00, 0x00, 0x00, 0x00, 0x7F, 0xFE, 0x00, 0x00, 0x00, 0x00,
  0x7F, 0xFE, 0x00, 0x00, 0x00, 0x00, 0x7F, 0xFE, 0x00, 0x00, 0x00, 0x00,
  0x7F, 0xFE, 0x00, 0x00, 0x00, 0x00, 0x7F, 0xFE, 0x00, 0x00, 0x00, 0x00,
  0x7F, 0xFE, 0x00, 0x00, 0x00, 0x00, 0x7F, 0xFE, 0x00, 0x00, 0x00, 0x00,
  0x7F, 0xFE, 0x00, 0x00, 0x00, 0x00, 0x7F, 0xFE, 0x00, 0x00, 0x00, 0x00,
  0x7F, 0xFC, 0x00, 0x00, 0x00, 0x00, 0x3F, 0xF9, 0xFF, 0xF8, 0x1F, 0xFF,
  0x9F, 0xF3, 0xFF, 0xF8, 0x3F, 0xFF, 0xCF, 0xC7, 0xFF, 0xFC, 0x3F, 0xFF,
  0xE7, 0x0F, 0xFF, 0xFE, 0x7F, 0xFF, 0xF0, 0x0F, 0xFF, 0xFE, 0x7F, 0xFF,
  0xF0, 0xC7, 0xFF, 0xFC, 0x3F, 0xFF, 0xE7, 0xF3, 0xFF, 0xF8, 0x3F, 0xFF,
  0xCF, 0xF9, 0xFF, 0xF8, 0x1F, 0xFF, 0x9F, 0xFC, 0x00, 0x00, 0x00, 0x00,
  0x3F, 0xFE, 0x00, 0x00, 0x00, 0x00, 0x7F, 0xFE, 0x00, 0x00, 0x00, 0x00,
  0x7F, 0xFE, 0x00, 0x00, 0x00, 0x00, 0x7F, 0xFE, 0x00, 0x00, 0x00, 0x00,
  0x7F, 0xFE, 0x00, 0x00, 0x00, 0x00, 0x7F, 0xFE, 0x00, 0x00, 0x00, 0x00,
  0x7F, 0xFE, 0x00, 0x00, 0x00, 0x00, 0x7F, 0xFE, 0x00, 0x00, 0x00, 0x00,
  0x7F, 0xFE, 0x00, 0x00, 0x00, 0x00, 0x7F, 0xFE, 0x00, 0x00, 0x00, 0x00,
  0x7F, 0xFE, 0x00, 0x00, 0x00, 0x00, 0x7F, 0xFE, 0x00, 0x00, 0x00, 0x00,
  0x7F, 0xFE, 0x00, 0x00, 0x00, 0x00, 0x7F, 0xFE, 0x00, 0x00, 0x00, 0x00,
  0x7F, 0xFE, 0x00, 0x00, 0x00, 0x00, 0x7F, 0xFE, 0x00, 0x00, 0x00, 0x00,
  0x7F, 0xFE, 0x00, 0x00, 0x00, 0x00, 0x7F, 0xFE, 0x00, 0x00, 0x00, 0x00,
  0x7F, 0xFE, 0x00, 0x00, 0x00, 0x00, 0x7F, 0xFE, 0x00, 0x00, 0x00, 0x00,
  0x7F, 0xFE, 0x00, 0x00, 0x00, 0x00, 0x7F, 0xFE, 0x00, 0x00, 0x00, 0x00,
  0x7F, 0xFE, 0x00, 0x00, 0x00, 0x00, 0x7F, 0xFE, 0x00, 0x00, 0x00, 0x00,
  0x7F, 0xFE, 0x00, 0x00, 0x00, 0x00, 0x7F, 0xFE, 0x00, 0x00, 0x00, 0x00,
  0x7F, 0xFC, 0x00, 0x00, 0x00, 0x00, 0x3F, 0xF8, 0x00, 0x00, 0x00, 0x00,
  0x1F, 0xF0, 0x00, 0x00, 0x00, 0x00, 0x0F, 0x60, 0x00, 0x00, 0x00, 0x00,
  0x06, 0x3F, 0xFF, 0xFF, 0xFF, 0xFF, 0x03, 0xFF, 0xFF, 0xFF, 0xFF, 0xFC,
  0x3F, 0xFF, 0xFF, 0xFF, 0xFF, 0xE0, 0xFF, 0xFF, 0xFF, 0xFF, 0xFE, 0x03,
  0xFF, 0xFF, 0xFF, 0xFF, 0xE3, 0x0F, 0xFF, 0xFF, 0xFF, 0xFE, 0x3C, 0x3F,
  0xFF, 0xFF, 0xFF, 0xE3, 0xE0, 0x00, 0x00, 0x00, 0x00, 0x3F, 0x00, 0x00,
  0x00, 0x00, 0x03, 0xF8, 0x00, 0x03, 0xF8, 0x00, 0x1F, 0xC0, 0x00, 0x1F,
  0xC0, 0x00, 0xFE, 0x00, 0x00, 0xFE, 0x00, 0x07, 0xF0, 0x00, 0x07, 0xF0,
  0x00, 0x3F, 0x80, 0x00, 0x3F, 0x80, 0x01, 0xFC, 0x00, 0x01, 0xFC, 0x00,
  0x0F, 0xE0, 0x00, 0x0F, 0xE0, 0x00, 0x7F, 0x00, 0x00, 0x7F, 0x00, 0x03,
  0xF8, 0x00, 0x03, 0xF8, 0x00, 0x1F, 0xC0, 0x00, 0x1F, 0xC0, 0x00, 0xFE,
  0x00, 0x00, 0xFE, 0x00, 0x07, 0xF0, 0x00, 0x07, 0xF0, 0x00, 0x3F, 0x80,
  0x00, 0x3F, 0x80, 0x01, 0xFC, 0x00, 0x01, 0xFC, 0x00, 0x0F, 0xE0, 0x00,
  0x0F, 0xE0, 0x00, 0x7F, 0x00, 0x00, 0x7F, 0x00, 0x03, 0xF8, 0x00, 0x03,
  0xF8, 0x00, 0x1F, 0xC0, 0x00, 0x1F, 0xC0, 0x00, 0xFE, 0x00, 0x00, 0xFE,
  0x00, 0x07, 0xF0, 0x00, 0x07, 0xF0, 0x00, 0x3F, 0x80, 0x00, 0x3F, 0x80,
  0x01, 0xFC, 0x00, 0x01, 0xFC, 0x00, 0x0F, 0xE0, 0x00, 0x0F, 0xE0, 0x00,
  0x7F, 0x00, 0x00, 0x3F, 0x00, 0x03, 0xF8, 0x00, 0x00, 0xF0, 0x00, 0x1F,
  0xC0, 0x00, 0x07, 0x00, 0x00, 0x7E, 0x00, 0x00, 0x19, 0xFF, 0xF9, 0xF0,
  0x00, 0x00, 0x9F, 0xFF, 0xE7, 0x80, 0x00, 0x00, 0xFF, 0xFF, 0x9C, 0x00,
  0x00, 0x0F, 0xFF, 0xFE, 0x00, 0x00, 0x00, 0x7F, 0xFF, 0xF0, 0x00, 0x00,
  0x01, 0xFF, 0xFF, 0x38, 0x00, 0x00, 0x4F, 0xFF, 0xF3, 0xC0, 0x00, 0x03,
  0x3F, 0xFF, 0x3E, 0x00, 0x00, 0x38, 0x00, 0x03, 0xF0, 0x00, 0x01, 0xE0,
  0x00, 0x3F, 0x80, 0x00, 0x1F, 0x80, 0x01, 0xFC, 0x00, 0x01, 0xFC, 0x00,
  0x0F, 0xE0, 0x00, 0x0F, 0xE0, 0x00, 0x7F, 0x00, 0x00, 0x7F, 0x00, 0x03,
  0xF8, 0x00, 0x03, 0xF8, 0x00, 0x1F, 0xC0, 0x00, 0x1F, 0xC0, 0x00, 0xFE,
  0x00, 0x00, 0xFE, 0x00, 0x07, 0xF0, 0x00, 0x07, 0xF0, 0x00, 0x3F, 0x80,
  0x00, 0x3F, 0x80, 0x01, 0xFC, 0x00, 0x01, 0xFC, 0x00, 0x0F, 0xE0, 0x00,
  0x0F, 0xE0, 0x00, 0x7F, 0x00, 0x00, 0x7F, 0x00, 0x03, 0xF8, 0x00, 0x03,
  0xF8, 0x00, 0x1F, 0xC0, 0x00, 0x1F, 0xC0, 0x00, 0xFE, 0x00, 0x00, 0xFE,
  0x00, 0x07, 0xF0, 0x00, 0x07, 0xF0, 0x00, 0x3F, 0x80, 0x00, 0x3F, 0x80,
  0x01, 0xFC, 0x00, 0x01, 0xFC, 0x00, 0x0F, 0xE0, 0x00, 0x0F, 0xE0, 0x00,
  0x7F, 0x00, 0x00, 0x7F, 0x00, 0x03, 0xF8, 0x00, 0x03, 0xF8, 0x00, 0x1F,
  0xC0, 0x00, 0x1F, 0xC0, 0x00, 0xFE, 0x00, 0x00, 0xFE, 0x00, 0x07, 0xF0,
  0x00, 0x07, 0xF0, 0x00, 0x3F, 0x80, 0x00, 0x00, 0x00, 0x01, 0xFC, 0x00,
  0x00, 0x00, 0x00, 0x07, 0xE1, 0xFF, 0xFF, 0xFF, 0xFF, 0x1F, 0x1F, 0xFF,
  0xFF, 0xFF, 0xFC, 0x79, 0xFF, 0xFF, 0xFF, 0xFF, 0xF1, 0x9F, 0xFF, 0xFF,
  0xFF, 0xFF, 0xC1, 0xFF, 0xFF, 0xFF, 0xFF, 0xFF, 0x07, 0xFF, 0xFF, 0xFF,
  0xFF, 0xF8, 0x1F, 0xFF, 0xFF, 0xFF, 0xFF, 0x80, 0x07, 0xFF, 0xFF, 0xFF,
  0xFF, 0xE0, 0xFF, 0xFF, 0xFF, 0xFF, 0xFF, 0x1F, 0xFF, 0xFF, 0xFF, 0xFF,
  0xF0, 0xFF, 0xFF, 0xFF, 0xFF, 0xFE, 0x67, 0xFF, 0xFF, 0xFF, 0xFF, 0xCF,
  0x3F, 0xFF, 0xFF, 0xFF, 0xF8, 0xF9, 0xFF, 0xFF, 0xFF, 0xFF, 0x0F, 0xC0,
  0x00, 0x00, 0x00, 0x00, 0xFE, 0x00, 0x00, 0x00, 0x00, 0x0F, 0xE0, 0x00,
  0x00, 0x00, 0x00, 0xFE, 0x00, 0x00, 0x00, 0x00, 0x0F, 0xE0, 0x00, 0x00,
  0x00, 0x00, 0xFE, 0x00, 0x00, 0x00, 0x00, 0x0F, 0xE0, 0x00, 0x00, 0x00,
  0x00, 0xFE, 0x00, 0x00, 0x00, 0x00, 0x0F, 0xE0, 0x00, 0x00, 0x00, 0x00,
  0xFE, 0x00, 0x00, 0x00, 0x00, 0x0F, 0xE0, 0x00, 0x00, 0x00, 0x00, 0xFE,
  0x00, 0x00, 0x00, 0x00, 0x0F, 0xE0, 0x00, 0x00, 0x00, 0x00, 0xFE, 0x00,
  0x00, 0x00, 0x00, 0x0F, 0xE0, 0x00, 0x00, 0x00, 0x00, 0xFE, 0x00, 0x00,
  0x00, 0x00, 0x0F, 0xE0, 0x00, 0x00, 0x00, 0x00, 0xFE, 0x00, 0x00, 0x00,
  0x00, 0x0F, 0xE0, 0x00, 0x00, 0x00, 0x00, 0xFE, 0x00, 0x00, 0x00, 0x00,
  0x0F, 0xE0, 0x00, 0x00, 0x00, 0x00, 0xFE, 0x00, 0x00, 0x00, 0x00, 0x0F,
  0xE0, 0x00, 0x00, 0x00, 0x00, 0xFE, 0x00, 0x00, 0x00, 0x00, 0x0F, 0xE0,
  0x00, 0x00, 0x00, 0x00, 0xFE, 0x00, 0x00, 0x00, 0x00, 0x0F, 0xE0, 0x00,
  0x00, 0x00, 0x00, 0xFC, 0x00, 0x00, 0x00, 0x00, 0x0F, 0x80, 0x00, 0x00,
  0x00, 0x00, 0xF0, 0x00, 0x00, 0x00, 0x00, 0x0C, 0x00, 0x00, 0x00, 0x00,
  0x00, 0x00, 0x00, 0x00, 0x00, 0x00, 0x00, 0x00, 0x00, 0x00, 0x00, 0x00,
  0xC0, 0x00, 0x00, 0x00, 0x00, 0x0F, 0x00, 0x00, 0x00, 0x00, 0x00, 0xF8,
  0x00, 0x00, 0x00, 0x00, 0x0F, 0xC0, 0x00, 0x00, 0x00, 0x00, 0xFE, 0x00,
  0x00, 0x00, 0x00, 0x0F, 0xE0, 0x00, 0x00, 0x00, 0x00, 0xFE, 0x00, 0x00,
  0x00, 0x00, 0x0F, 0xE0, 0x00, 0x00, 0x00, 0x00, 0xFE, 0x00, 0x00, 0x00,
  0x00, 0x0F, 0xE0, 0x00, 0x00, 0x00, 0x00, 0xFE, 0x00, 0x00, 0x00, 0x00,
  0x0F, 0xE0, 0x00, 0x00, 0x00, 0x00, 0xFE, 0x00, 0x00, 0x00, 0x00, 0x0F,
  0xE0, 0x00, 0x00, 0x00, 0x00, 0xFE, 0x00, 0x00, 0x00, 0x00, 0x0F, 0xE0,
  0x00, 0x00, 0x00, 0x00, 0xFE, 0x00, 0x00, 0x00, 0x00, 0x0F, 0xE0, 0x00,
  0x00, 0x00, 0x00, 0xFE, 0x00, 0x00, 0x00, 0x00, 0x0F, 0xE0, 0x00, 0x00,
  0x00, 0x00, 0xFE, 0x00, 0x00, 0x00, 0x00, 0x0F, 0xE0, 0x00, 0x00, 0x00,
  0x00, 0xFE, 0x00, 0x00, 0x00, 0x00, 0x0F, 0xE0, 0x00, 0x00, 0x00, 0x00,
  0xFE, 0x00, 0x00, 0x00, 0x00, 0x0F, 0xE0, 0x00, 0x00, 0x00, 0x00, 0xFE,
  0x00, 0x00, 0x00, 0x00, 0x0F, 0xE0, 0x00, 0x00, 0x00, 0x00, 0xFE, 0x00,
  0x00, 0x00, 0x00, 0x0F, 0xE0, 0x00, 0x00, 0x00, 0x00, 0xFC, 0x00, 0x00,
  0x00, 0x00, 0x0F, 0x9F, 0xFF, 0xFF, 0xFF, 0xF0, 0xF3, 0xFF, 0xFF, 0xFF,
  0xFF, 0x86, 0x7F, 0xFF, 0xFF, 0xFF, 0xFC, 0x0F, 0xFF, 0xFF, 0xFF, 0xFF,
  0xE1, 0xFF, 0xFF, 0xFF, 0xFF, 0xFF, 0x0F, 0xFF, 0xFF, 0xFF, 0xFF, 0xF0,
  0x7F, 0xFF, 0xFF, 0xFF, 0xFE, 0x3F, 0xFF, 0xFF, 0xFF, 0xFF, 0x03, 0xFF,
  0xFF, 0xFF, 0xFF, 0xFC, 0x3F, 0xFF, 0xFF, 0xFF, 0xFF, 0xE0, 0xFF, 0xFF,
  0xFF, 0xFF, 0xFE, 0x03, 0xFF, 0xFF, 0xFF, 0xFF, 0xE3, 0x0F, 0xFF, 0xFF,
  0xFF, 0xFE, 0x3C, 0x3F, 0xFF, 0xFF, 0xFF, 0xE3, 0xE0, 0x00, 0x00, 0x00,
  0x00, 0x3F, 0x00, 0x00, 0x00, 0x00, 0x03, 0xF8, 0x00, 0x03, 0xF8, 0x00,
  0x1F, 0xC0, 0x00, 0x1F, 0xC0, 0x00, 0xFE, 0x00, 0x00, 0xFE, 0x00, 0x07,
  0xF0, 0x00, 0x07, 0xF0, 0x00, 0x3F, 0x80, 0x00, 0x3F, 0x80, 0x01, 0xFC,
  0x00, 0x01, 0xFC, 0x00, 0x0F, 0xE0, 0x00, 0x0F, 0xE0, 0x00, 0x7F, 0x00,
  0x00, 0x7F, 0x00, 0x03, 0xF8, 0x00, 0x03, 0xF8, 0x00, 0x1F, 0xC0, 0x00,
  0x1F, 0xC0, 0x00, 0xFE, 0x00, 0x00, 0xFE, 0x00, 0x07, 0xF0, 0x00, 0x07,
  0xF0, 0x00, 0x3F, 0x80, 0x00, 0x3F, 0x80, 0x01, 0xFC, 0x00, 0x01, 0xFC,
  0x00, 0x0F, 0xE0, 0x00, 0x0F, 0xE0, 0x00, 0x7F, 0x00, 0x00, 0x7F, 0x00,
  0x03, 0xF8, 0x00, 0x03, 0xF8, 0x00, 0x1F, 0xC0, 0x00, 0x1F, 0xC0, 0x00,
  0xFE, 0x00, 0x00, 0xFE, 0x00, 0x07, 0xF0, 0x00, 0x07, 0xF0, 0x00, 0x3F,
  0x80, 0x00, 0x3F, 0x80, 0x01, 0xFC, 0x00, 0x01, 0xFC, 0x00, 0x0F, 0xE0,
  0x00, 0x0F, 0xE0, 0x00, 0x7F, 0x00, 0x00, 0x3F, 0x00, 0x03, 0xF8, 0x00,
  0x00, 0xF0, 0x00, 0x1F, 0xC0, 0x00, 0x07, 0x00, 0x00, 0x7E, 0x00, 0x00,
  0x18, 0x00, 0x01, 0xF0, 0x00, 0x00, 0x80, 0x00, 0x07, 0x80, 0x00, 0x00,
  0x00, 0x00, 0x1C, 0x00, 0x00, 0x00, 0x00, 0x00, 0x00, 0x00, 0x00, 0x00,
  0x00, 0x00, 0x00, 0x00, 0x00, 0x00, 0x00, 0x38, 0x00, 0x00, 0x40, 0x00,
  0x03, 0xC0, 0x00, 0x03, 0x00, 0x00, 0x3E, 0x00, 0x00, 0x38, 0x00, 0x03,
  0xF0, 0x00, 0x01, 0xE0, 0x00, 0x3F, 0x80, 0x00, 0x1F, 0x80, 0x01, 0xFC,
  0x00, 0x01, 0xFC, 0x00, 0x0F, 0xE0, 0x00, 0x0F, 0xE0, 0x00, 0x7F, 0x00,
  0x00, 0x7F, 0x00, 0x03, 0xF8, 0x00, 0x03, 0xF8, 0x00, 0x1F, 0xC0, 0x00,
  0x1F, 0xC0, 0x00, 0xFE, 0x00, 0x00, 0xFE, 0x00, 0x07, 0xF0, 0x00, 0x07,
  0xF0, 0x00, 0x3F, 0x80, 0x00, 0x3F, 0x80, 0x01, 0xFC, 0x00, 0x01, 0xFC,
  0x00, 0x0F, 0xE0, 0x00, 0x0F, 0xE0, 0x00, 0x7F, 0x00, 0x00, 0x7F, 0x00,
  0x03, 0xF8, 0x00, 0x03, 0xF8, 0x00, 0x1F, 0xC0, 0x00, 0x1F, 0xC0, 0x00,
  0xFE, 0x00, 0x00, 0xFE, 0x00, 0x07, 0xF0, 0x00, 0x07, 0xF0, 0x00, 0x3F,
  0x80, 0x00, 0x3F, 0x80, 0x01, 0xFC, 0x00, 0x01, 0xFC, 0x00, 0x0F, 0xE0,
  0x00, 0x0F, 0xE0, 0x00, 0x7F, 0x00, 0x00, 0x7F, 0x00, 0x03, 0xF8, 0x00,
  0x03, 0xF8, 0x00, 0x1F, 0xC0, 0x00, 0x1F, 0xC0, 0x00, 0xFE, 0x00, 0x00,
  0xFE, 0x00, 0x07, 0xF0, 0x00, 0x07, 0xF0, 0x00, 0x3F, 0x80, 0x00, 0x00,
  0x00, 0x01, 0xFC, 0x00, 0x00, 0x00, 0x00, 0x07, 0xE1, 0xFF, 0xFF, 0xFF,
  0xFF, 0x1F, 0x1F, 0xFF, 0xFF, 0xFF, 0xFC, 0x79, 0xFF, 0xFF, 0xFF, 0xFF,
  0xF1, 0x9F, 0xFF, 0xFF, 0xFF, 0xFF, 0xC1, 0xFF, 0xFF, 0xFF, 0xFF, 0xFF,
  0x07, 0xFF, 0xFF, 0xFF, 0xFF, 0xF8, 0x1F, 0xFF, 0xFF, 0xFF, 0xFF, 0x80,
  0x07, 0xFF, 0xFF, 0xFF, 0xFF, 0xE0, 0xFF, 0xFF, 0xFF, 0xFF, 0xFF, 0x1F,
  0xFF, 0xFF, 0xFF, 0xFF, 0xF0, 0xFF, 0xFF, 0xFF, 0xFF, 0xFE, 0x67, 0xFF,
  0xFF, 0xFF, 0xFF, 0xCF, 0x3F, 0xFF, 0xFF, 0xFF, 0xF8, 0xF9, 0xFF, 0xFF,
  0xFF, 0xFF, 0x0F, 0xC0, 0x00, 0x00, 0x00, 0x00, 0xFE, 0x00, 0x00, 0x00,
  0x00, 0x0F, 0xE0, 0x00, 0x00, 0x00, 0x00, 0xFE, 0x00, 0x00, 0x00, 0x00,
  0x0F, 0xE0, 0x00, 0x00, 0x00, 0x00, 0xFE, 0x00, 0x00, 0x00, 0x00, 0x0F,
  0xE0, 0x00, 0x00, 0x00, 0x00, 0xFE, 0x00, 0x00, 0x00, 0x00, 0x0F, 0xE0,
  0x00, 0x00, 0x00, 0x00, 0xFE, 0x00, 0x00, 0x00, 0x00, 0x0F, 0xE0, 0x00,
  0x00, 0x00, 0x00, 0xFE, 0x00, 0x00, 0x00, 0x00, 0x0F, 0xE0, 0x00, 0x00,
  0x00, 0x00, 0xFE, 0x00, 0x00, 0x00, 0x00, 0x0F, 0xE0, 0x00, 0x00, 0x00,
  0x00, 0xFE, 0x00, 0x00, 0x00, 0x00, 0x0F, 0xE0, 0x00, 0x00, 0x00, 0x00,
  0xFE, 0x00, 0x00, 0x00, 0x00, 0x0F, 0xE0, 0x00, 0x00, 0x00, 0x00, 0xFE,
  0x00, 0x00, 0x00, 0x00, 0x0F, 0xE0, 0x00, 0x00, 0x00, 0x00, 0xFE, 0x00,
  0x00, 0x00, 0x00, 0x0F, 0xE0, 0x00, 0x00, 0x00, 0x00, 0xFE, 0x00, 0x00,
  0x00, 0x00, 0x0F, 0xE0, 0x00, 0x00, 0x00, 0x00, 0xFE, 0x00, 0x00, 0x00,
  0x00, 0x0F, 0xE0, 0x00, 0x00, 0x00, 0x00, 0xFC, 0x00, 0x00, 0x00, 0x00,
  0x0F, 0x9F, 0xFF, 0x81, 0xFF, 0xF8, 0xF3, 0xFF, 0xF8, 0x3F, 0xFF, 0xCC,
  0x7F, 0xFF, 0xC3, 0xFF, 0xFE, 0x0F, 0xFF, 0xFE, 0x7F, 0xFF, 0xF0, 0xFF,
  0xFF, 0xE7, 0xFF, 0xFF, 0xC7, 0xFF, 0xFC, 0x3F, 0xFF, 0xEF, 0x3F, 0xFF,
  0x83, 0xFF, 0xFC, 0xF9, 0xFF, 0xF8, 0x1F, 0xFF, 0x8F, 0xC0, 0x00, 0x00,
  0x00, 0x00, 0xFE, 0x00, 0x00, 0x00, 0x00, 0x0F, 0xE0, 0x00, 0x00, 0x00,
  0x00, 0xFE, 0x00, 0x00, 0x00, 0x00, 0x0F, 0xE0, 0x00, 0x00, 0x00, 0x00,
  0xFE, 0x00, 0x00, 0x00, 0x00, 0x0F, 0xE0, 0x00, 0x00, 0x00, 0x00, 0xFE,
  0x00, 0x00, 0x00, 0x00, 0x0F, 0xE0, 0x00, 0x00, 0x00, 0x00, 0xFE, 0x00,
  0x00, 0x00, 0x00, 0x0F, 0xE0, 0x00, 0x00, 0x00, 0x00, 0xFE, 0x00, 0x00,
  0x00, 0x00, 0x0F, 0xE0, 0x00, 0x00, 0x00, 0x00, 0xFE, 0x00, 0x00, 0x00,
  0x00, 0x0F, 0xE0, 0x00, 0x00, 0x00, 0x00, 0xFE, 0x00, 0x00, 0x00, 0x00,
  0x0F, 0xE0, 0x00, 0x00, 0x00, 0x00, 0xFE, 0x00, 0x00, 0x00, 0x00, 0x0F,
  0xE0, 0x00, 0x00, 0x00, 0x00, 0xFE, 0x00, 0x00, 0x00, 0x00, 0x0F, 0xE0,
  0x00, 0x00, 0x00, 0x00, 0xFE, 0x00, 0x00, 0x00, 0x00, 0x0F, 0xE0, 0x00,
  0x00, 0x00, 0x00, 0xFE, 0x00, 0x00, 0x00, 0x00, 0x0F, 0xE0, 0x00, 0x00,
  0x00, 0x00, 0xFE, 0x00, 0x00, 0x00, 0x00, 0x0F, 0xE0, 0x00, 0x00, 0x00,
  0x00, 0xFC, 0x00, 0x00, 0x00, 0x00, 0x0F, 0x9F, 0xFF, 0xFF, 0xFF, 0xF0,
  0xF3, 0xFF, 0xFF, 0xFF, 0xFF, 0x86, 0x7F, 0xFF, 0xFF, 0xFF, 0xFC, 0x0F,
  0xFF, 0xFF, 0xFF, 0xFF, 0xE1, 0xFF, 0xFF, 0xFF, 0xFF, 0xFF, 0x0F, 0xFF,
  0xFF, 0xFF, 0xFF, 0xF0, 0x7F, 0xFF, 0xFF, 0xFF, 0xFE, 0x07, 0xFF, 0xFF,
  0xFF, 0xFF, 0xE0, 0xFF, 0xFF, 0xFF, 0xFF, 0xFF, 0x1F, 0xFF, 0xFF, 0xFF,
  0xFF, 0xF0, 0xFF, 0xFF, 0xFF, 0xFF, 0xFE, 0x67, 0xFF, 0xFF, 0xFF, 0xFF,
  0xCF, 0x3F, 0xFF, 0xFF, 0xFF, 0xF8, 0xF9, 0xFF, 0xFF, 0xFF, 0xFF, 0x0F,
  0xC0, 0x00, 0x00, 0x00, 0x00, 0xFE, 0x00, 0x00, 0x00, 0x00, 0x0F, 0xE0,
  0x00, 0x00, 0x00, 0x00, 0xFE, 0x00, 0x00, 0x00, 0x00, 0x0F, 0xE0, 0x00,
  0x00, 0x00, 0x00, 0xFE, 0x00, 0x00, 0x00, 0x00, 0x0F, 0xE0, 0x00, 0x00,
  0x00, 0x00, 0xFE, 0x00, 0x00, 0x00, 0x00, 0x0F, 0xE0, 0x00, 0x00, 0x00,
  0x00, 0xFE, 0x00, 0x00, 0x00, 0x00, 0x0F, 0xE0, 0x00, 0x00, 0x00, 0x00,
  0xFE, 0x00, 0x00, 0x00, 0x00, 0x0F, 0xE0, 0x00, 0x00, 0x00, 0x00, 0xFE,
  0x00, 0x00, 0x00, 0x00, 0x0F, 0xE0, 0x00, 0x00, 0x00, 0x00, 0xFE, 0x00,
  0x00, 0x00, 0x00, 0x0F, 0xE0, 0x00, 0x00, 0x00, 0x00, 0xFE, 0x00, 0x00,
  0x00, 0x00, 0x0F, 0xE0, 0x00, 0x00, 0x00, 0x00, 0xFE, 0x00, 0x00, 0x00,
  0x00, 0x0F, 0xE0, 0x00, 0x00, 0x00, 0x00, 0xFE, 0x00, 0x00, 0x00, 0x00,
  0x0F, 0xE0, 0x00, 0x00, 0x00, 0x00, 0xFE, 0x00, 0x00, 0x00, 0x00, 0x0F,
  0xE0, 0x00, 0x00, 0x00, 0x00, 0xFE, 0x00, 0x00, 0x00, 0x00, 0x0F, 0xE0,
  0x00, 0x00, 0x00, 0x00, 0xFC, 0x00, 0x00, 0x00, 0x00, 0x0F, 0x9F, 0xFF,
  0x81, 0xFF, 0xF8, 0xF3, 0xFF, 0xF8, 0x3F, 0xFF, 0xCC, 0x7F, 0xFF, 0xC3,
  0xFF, 0xFE, 0x0F, 0xFF, 0xFE, 0x7F, 0xFF, 0xF0, 0xFF, 0xFF, 0xE7, 0xFF,
  0xFF, 0xC7, 0xFF, 0xFC, 0x3F, 0xFF, 0xEF, 0x3F, 0xFF, 0x83, 0xFF, 0xFC,
  0xF9, 0xFF, 0xF8, 0x1F, 0xFF, 0x8F, 0xC0, 0x00, 0x00, 0x00, 0x00, 0xFE,
  0x00, 0x00, 0x00, 0x00, 0x0F, 0xE0, 0x00, 0x00, 0x00, 0x00, 0xFE, 0x00,
  0x00, 0x00, 0x00, 0x0F, 0xE0, 0x00, 0x00, 0x00, 0x00, 0xFE, 0x00, 0x00,
  0x00, 0x00, 0x0F, 0xE0, 0x00, 0x00, 0x00, 0x00, 0xFE, 0x00, 0x00, 0x00,
  0x00, 0x0F, 0xE0, 0x00, 0x00, 0x00, 0x00, 0xFE, 0x00, 0x00, 0x00, 0x00,
  0x0F, 0xE0, 0x00, 0x00, 0x00, 0x00, 0xFE, 0x00, 0x00, 0x00, 0x00, 0x0F,
  0xE0, 0x00, 0x00, 0x00, 0x00, 0xFE, 0x00, 0x00, 0x00, 0x00, 0x0F, 0xE0,
  0x00, 0x00, 0x00, 0x00, 0xFE, 0x00, 0x00, 0x00, 0x00, 0x0F, 0xE0, 0x00,
  0x00, 0x00, 0x00, 0xFE, 0x00, 0x00, 0x00, 0x00, 0x0F, 0xE0, 0x00, 0x00,
  0x00, 0x00, 0xFE, 0x00, 0x00, 0x00, 0x00, 0x0F, 0xE0, 0x00, 0x00, 0x00,
  0x00, 0xFE, 0x00, 0x00, 0x00, 0x00, 0x0F, 0xE0, 0x00, 0x00, 0x00, 0x00,
  0xFE, 0x00, 0x00, 0x00, 0x00, 0x0F, 0xE0, 0x00, 0x00, 0x00, 0x00, 0xFE,
  0x00, 0x00, 0x00, 0x00, 0x0F, 0xE0, 0x00, 0x00, 0x00, 0x00, 0xFC, 0x00,
  0x00, 0x00, 0x00, 0x0F, 0x80, 0x00, 0x00, 0x00, 0x00, 0xF0, 0x00, 0x00,
  0x00, 0x00, 0x06, 0x00, 0x00, 0x00, 0x00, 0x00, 0x07, 0xFF, 0xFF, 0xFF,
  0xFF, 0xE0, 0x0F, 0xFF, 0xFF, 0xFF, 0xFF, 0xF0, 0x1F, 0xFF, 0xFF, 0xFF,
  0xFF, 0xF0, 0x0F, 0xFF, 0xFF, 0xFF, 0xFF, 0xE0, 0x67, 0xFF, 0xFF, 0xFF,
  0xFF, 0xC0, 0xF3, 0xFF, 0xFF, 0xFF, 0xFF, 0x80, 0xF9, 0xFF, 0xFF, 0xFF,
  0xFF, 0x00, 0xFC, 0x00, 0x00, 0x00, 0x00, 0x00, 0xFE, 0x00, 0x00, 0x00,
  0x00, 0x00, 0xFE, 0x00, 0x00, 0x00, 0x00, 0x00, 0xFE, 0x00, 0x00, 0x00,
  0x00, 0x00, 0xFE, 0x00, 0x00, 0x00, 0x00, 0x00, 0xFE, 0x00, 0x00, 0x00,
  0x00, 0x00, 0xFE, 0x00, 0x00, 0x00, 0x00, 0x00, 0xFE, 0x00, 0x00, 0x00,
  0x00, 0x00, 0xFE, 0x00, 0x00, 0x00, 0x00, 0x00, 0xFE, 0x00, 0x00, 0x00,
  0x00, 0x00, 0xFE, 0x00, 0x00, 0x00, 0x00, 0x00, 0xFE, 0x00, 0x00, 0x00,
  0x00, 0x00, 0xFE, 0x00, 0x00, 0x00, 0x00, 0x00, 0xFE, 0x00, 0x00, 0x00,
  0x00, 0x00, 0xFE, 0x00, 0x00, 0x00, 0x00, 0x00, 0xFE, 0x00, 0x00, 0x00,
  0x00, 0x00, 0xFE, 0x00, 0x00, 0x00, 0x00, 0x00, 0xFE, 0x00, 0x00, 0x00,
  0x00, 0x00, 0xFE, 0x00, 0x00, 0x00, 0x00, 0x00, 0xFE, 0x00, 0x00, 0x00,
  0x00, 0x00, 0xFE, 0x00, 0x00, 0x00, 0x00, 0x00, 0xFE, 0x00, 0x00, 0x00,
  0x00, 0x00, 0xFE, 0x00, 0x00, 0x00, 0x00, 0x00, 0xFE, 0x00, 0x00, 0x00,
  0x00, 0x00, 0xFE, 0x00, 0x00, 0x00, 0x00, 0x00, 0xFE, 0x00, 0x00, 0x00,
  0x00, 0x00, 0xFE, 0x00, 0x00, 0x00, 0x00, 0x00, 0xFC, 0x00, 0x00, 0x00,
  0x00, 0x00, 0xF8, 0x00, 0x00, 0x1F, 0xFF, 0x80, 0xF0, 0x00, 0x00, 0x3F,
  0xFF, 0xC0, 0xC0, 0x00, 0x00, 0x3F, 0xFF, 0xE0, 0x00, 0x00, 0x00, 0x7F,
  0xFF, 0xF0, 0x00, 0x00, 0x00, 0x7F, 0xFF, 0xF0, 0xC0, 0x00, 0x00, 0x3F,
  0xFF, 0xE7, 0xF0, 0x00, 0x00, 0x3F, 0xFF, 0xCF, 0xF8, 0x00, 0x00, 0x1F,
  0xFF, 0x9F, 0xFC, 0x00, 0x00, 0x00, 0x00, 0x3F, 0xFE, 0x00, 0x00, 0x00,
  0x00, 0x7F, 0xFE, 0x00, 0x00, 0x00, 0x00, 0x7F, 0xFE, 0x00, 0x00, 0x00,
  0x00, 0x7F, 0xFE, 0x00, 0x00, 0x00, 0x00, 0x7F, 0xFE, 0x00, 0x00, 0x00,
  0x00, 0x7F, 0xFE, 0x00, 0x00, 0x00, 0x00, 0x7F, 0xFE, 0x00, 0x00, 0x00,
  0x00, 0x7F, 0xFE, 0x00, 0x00, 0x00, 0x00, 0x7F, 0xFE, 0x00, 0x00, 0x00,
  0x00, 0x7F, 0xFE, 0x00, 0x00, 0x00, 0x00, 0x7F, 0xFE, 0x00, 0x00, 0x00,
  0x00, 0x7F, 0xFE, 0x00, 0x00, 0x00, 0x00, 0x7F, 0xFE, 0x00, 0x00, 0x00,
  0x00, 0x7F, 0xFE, 0x00, 0x00, 0x00, 0x00, 0x7F, 0xFE, 0x00, 0x00, 0x00,
  0x00, 0x7F, 0xFE, 0x00, 0x00, 0x00, 0x00, 0x7F, 0xFE, 0x00, 0x00, 0x00,
  0x00, 0x7F, 0xFE, 0x00, 0x00, 0x00, 0x00, 0x7F, 0xFE, 0x00, 0x00, 0x00,
  0x00, 0x7F, 0xFE, 0x00, 0x00, 0x00, 0x00, 0x7F, 0xFE, 0x00, 0x00, 0x00,
  0x00, 0x7F, 0xFE, 0x00, 0x00, 0x00, 0x00, 0x7F, 0xFE, 0x00, 0x00, 0x00,
  0x00, 0x7F, 0xFE, 0x00, 0x00, 0x00, 0x00, 0x7F, 0xFE, 0x00, 0x00, 0x00,
  0x00, 0x7F, 0xFE, 0x00, 0x00, 0x00, 0x00, 0x7F, 0xFC, 0x00, 0x00, 0x00,
  0x00, 0x3F, 0xF9, 0xFF, 0xFF, 0xFF, 0xFF, 0x1F, 0xF3, 0xFF, 0xFF, 0xFF,
  0xFF, 0x8F, 0x67, 0xFF, 0xFF, 0xFF, 0xFF, 0xC6, 0x0F, 0xFF, 0xFF, 0xFF,
  0xFF, 0xE0, 0x1F, 0xFF, 0xFF, 0xFF, 0xFF, 0xF0, 0x0F, 0xFF, 0xFF, 0xFF,
  0xFF, 0xF0, 0x07, 0xFF, 0xFF, 0xFF, 0xFF, 0xE0, 0x60, 0x00, 0x00, 0x00,
  0x00, 0x06, 0xF0, 0x00, 0x00, 0x00, 0x00, 0x0F, 0xF8, 0x00, 0x00, 0x00,
  0x00, 0x1F, 0xFC, 0x00, 0x00, 0x00, 0x00, 0x3F, 0xFE, 0x00, 0x00, 0x00,
  0x00, 0x7F, 0xFE, 0x00, 0x00, 0x00, 0x00, 0x7F, 0xFE, 0x00, 0x00, 0x00,
  0x00, 0x7F, 0xFE, 0x00, 0x00, 0x00, 0x00, 0x7F, 0xFE, 0x00, 0x00, 0x00,
  0x00, 0x7F, 0xFE, 0x00, 0x00, 0x00, 0x00, 0x7F, 0xFE, 0x00, 0x00, 0x00,
  0x00, 0x7F, 0xFE, 0x00, 0x00, 0x00, 0x00, 0x7F, 0xFE, 0x00, 0x00, 0x00,
  0x00, 0x7F, 0xFE, 0x00, 0x00, 0x00, 0x00, 0x7F, 0xFE, 0x00, 0x00, 0x00,
  0x00, 0x7F, 0xFE, 0x00, 0x00, 0x00, 0x00, 0x7F, 0xFE, 0x00, 0x00, 0x00,
  0x00, 0x7F, 0xFE, 0x00, 0x00, 0x00, 0x00, 0x7F, 0xFE, 0x00, 0x00, 0x00,
  0x00, 0x7F, 0xFE, 0x00, 0x00, 0x00, 0x00, 0x7F, 0xFE, 0x00, 0x00, 0x00,
  0x00, 0x7F, 0xFE, 0x00, 0x00, 0x00, 0x00, 0x7F, 0xFE, 0x00, 0x00, 0x00,
  0x00, 0x7F, 0xFE, 0x00, 0x00, 0x00, 0x00, 0x7F, 0xFE, 0x00, 0x00, 0x00,
  0x00, 0x7F, 0xFE, 0x00, 0x00, 0x00, 0x00, 0x7F, 0xFE, 0x00, 0x00, 0x00,
  0x00, 0x7F, 0xFE, 0x00, 0x00, 0x00, 0x00, 0x7F, 0xFE, 0x00, 0x00, 0x00,
  0x00, 0x7F, 0xFE, 0x00, 0x00, 0x00, 0x00, 0x7F, 0xFC, 0x00, 0x00, 0x00,
  0x00, 0x3F, 0xF9, 0xFF, 0xF8, 0x1F, 0xFF, 0x9F, 0xF3, 0xFF, 0xF8, 0x3F,
  0xFF, 0xCF, 0xC7, 0xFF, 0xFC, 0x3F, 0xFF, 0xE7, 0x0F, 0xFF, 0xFE, 0x7F,
  0xFF, 0xF0, 0x0F, 0xFF, 0xFE, 0x7F, 0xFF, 0xF0, 0xC7, 0xFF, 0xFC, 0x3F,
  0xFF, 0xE7, 0xF3, 0xFF, 0xF8, 0x3F, 0xFF, 0xCF, 0xF9, 0xFF, 0xF8, 0x1F,
  0xFF, 0x9F, 0xFC, 0x00, 0x00, 0x00, 0x00, 0x3F, 0xFE, 0x00, 0x00, 0x00,
  0x00, 0x7F, 0xFE, 0x00, 0x00, 0x00, 0x00, 0x7F, 0xFE, 0x00, 0x00, 0x00,
  0x00, 0x7F, 0xFE, 0x00, 0x00, 0x00, 0x00, 0x7F, 0xFE, 0x00, 0x00, 0x00,
  0x00, 0x7F, 0xFE, 0x00, 0x00, 0x00, 0x00, 0x7F, 0xFE, 0x00, 0x00, 0x00,
  0x00, 0x7F, 0xFE, 0x00, 0x00, 0x00, 0x00, 0x7F, 0xFE, 0x00, 0x00, 0x00,
  0x00, 0x7F, 0xFE, 0x00, 0x00, 0x00, 0x00, 0x7F, 0xFE, 0x00, 0x00, 0x00,
  0x00, 0x7F, 0xFE, 0x00, 0x00, 0x00, 0x00, 0x7F, 0xFE, 0x00, 0x00, 0x00,
  0x00, 0x7F, 0xFE, 0x00, 0x00, 0x00, 0x00, 0x7F, 0xFE, 0x00, 0x00, 0x00,
  0x00, 0x7F, 0xFE, 0x00, 0x00, 0x00, 0x00, 0x7F, 0xFE, 0x00, 0x00, 0x00,
  0x00, 0x7F, 0xFE, 0x00, 0x00, 0x00, 0x00, 0x7F, 0xFE, 0x00, 0x00, 0x00,
  0x00, 0x7F, 0xFE, 0x00, 0x00, 0x00, 0x00, 0x7F, 0xFE, 0x00, 0x00, 0x00,
  0x00, 0x7F, 0xFE, 0x00, 0x00, 0x00, 0x00, 0x7F, 0xFE, 0x00, 0x00, 0x00,
  0x00, 0x7F, 0xFE, 0x00, 0x00, 0x00, 0x00, 0x7F, 0xFE, 0x00, 0x00, 0x00,
  0x00, 0x7F, 0xFE, 0x00, 0x00, 0x00, 0x00, 0x7F, 0xFC, 0x00, 0x00, 0x00,
  0x00, 0x3F, 0xF8, 0x00, 0x00, 0x00, 0x00, 0x1F, 0xF0, 0x00, 0x00, 0x00,
  0x00, 0x0F, 0x60, 0x00, 0x00, 0x00, 0x00, 0x06, 0x3F, 0xFF, 0xFF, 0xFF,
  0xFF, 0x3F, 0xFF, 0xFF, 0xFF, 0xFF, 0xFF, 0xFF, 0xFF, 0xFF, 0xFF, 0xEF,
  0xFF, 0xFF, 0xFF, 0xFF, 0xE3, 0xFF, 0xFF, 0xFF, 0xFF, 0xE0, 0xFF, 0xFF,
  0xFF, 0xFF, 0xE0, 0x3F, 0xFF, 0xFF, 0xFF, 0xE0, 0x00, 0x00, 0x00, 0x00,
  0x00, 0x00, 0x00, 0x00, 0x00, 0x00, 0x00, 0x00, 0x3F, 0x80, 0x00, 0x00,
  0x00, 0x1F, 0xC0, 0x00, 0x00, 0x00, 0x0F, 0xE0, 0x00, 0x00, 0x00, 0x07,
  0xF0, 0x00, 0x00, 0x00, 0x03, 0xF8, 0x00, 0x00, 0x00, 0x01, 0xFC, 0x00,
  0x00, 0x00, 0x00, 0xFE, 0x00, 0x00, 0x00, 0x00, 0x7F, 0x00, 0x00, 0x00,
  0x00, 0x3F, 0x80, 0x00, 0x00, 0x00, 0x1F, 0xC0, 0x00, 0x00, 0x00, 0x0F,
  0xE0, 0x00, 0x00, 0x00, 0x07, 0xF0, 0x00, 0x00, 0x00, 0x03, 0xF8, 0x00,
  0x00, 0x00, 0x01, 0xFC, 0x00, 0x00, 0x00, 0x00, 0xFE, 0x00, 0x00, 0x00,
  0x00, 0x7F, 0x00, 0x00, 0x00, 0x00, 0x3F, 0x80, 0x00, 0x00, 0x00, 0x1F,
  0xC0, 0x00, 0x00, 0x00, 0x0F, 0xE0, 0x00, 0x00, 0x00, 0x07, 0xF0, 0x00,
  0x00, 0x00, 0x03, 0xF8, 0x00, 0x00, 0x00, 0x01, 0xFC, 0x00, 0x00, 0x00,
  0x00, 0xFE, 0x00, 0x00, 0x00, 0x00, 0x3F, 0x00, 0x00, 0x00, 0x00, 0x0F,
  0x00, 0x00, 0x00, 0x00, 0x07, 0x00, 0x00, 0x00, 0x00, 0x01, 0x80, 0x00,
  0x00, 0x00, 0x00, 0x80, 0x00, 0x00, 0x00, 0x00, 0x00, 0x00, 0x00, 0x00,
  0x00, 0x00, 0x00, 0x00, 0x00, 0x00, 0x00, 0x00, 0x00, 0x00, 0x00, 0x00,
  0x00, 0x00, 0x00, 0x00, 0x04, 0x00, 0x00, 0x00, 0x00, 0x03, 0x00, 0x00,
  0x00, 0x00, 0x03, 0x80, 0x00, 0x00, 0x00, 0x01, 0xE0, 0x00, 0x00, 0x00,
  0x01, 0xF8, 0x00, 0x00, 0x00, 0x01, 0xFC, 0x00, 0x00, 0x00, 0x00, 0xFE,
  0x00, 0x00, 0x00, 0x00, 0x7F, 0x00, 0x00, 0x00, 0x00, 0x3F, 0x80, 0x00,
  0x00, 0x00, 0x1F, 0xC0, 0x00, 0x00, 0x00, 0x0F, 0xE0, 0x00, 0x00, 0x00,
  0x07, 0xF0, 0x00, 0x00, 0x00, 0x03, 0xF8, 0x00, 0x00, 0x00, 0x01, 0xFC,
  0x00, 0x00, 0x00, 0x00, 0xFE, 0x00, 0x00, 0x00, 0x00, 0x7F, 0x00, 0x00,
  0x00, 0x00, 0x3F, 0x80, 0x00, 0x00, 0x00, 0x1F, 0xC0, 0x00, 0x00, 0x00,
  0x0F, 0xE0, 0x00, 0x00, 0x00, 0x07, 0xF0, 0x00, 0x00, 0x00, 0x03, 0xF8,
  0x00, 0x00, 0x00, 0x01, 0xFC, 0x00, 0x00, 0x00, 0x00, 0xFE, 0x00, 0x00,
  0x00, 0x00, 0x7F, 0x00, 0x00, 0x00, 0x00, 0x3F, 0x80, 0x00, 0x00, 0x00,
  0x1F, 0xC0, 0x00, 0x00, 0x00, 0x0F, 0xE0, 0x00, 0x00, 0x00, 0x07, 0xF0,
  0x00, 0x00, 0x00, 0x00, 0x00, 0x00, 0x00, 0x00, 0x00, 0x00, 0x00, 0x00,
  0x1F, 0xFF, 0xFF, 0xFF, 0xF0, 0x1F, 0xFF, 0xFF, 0xFF, 0xFC, 0x1F, 0xFF,
  0xFF, 0xFF, 0xFF, 0x1F, 0xFF, 0xFF, 0xFF, 0xFF, 0xDF, 0xFF, 0xFF, 0xFF,
  0xFF, 0xF7, 0xFF, 0xFF, 0xFF, 0xFF, 0xF9, 0xFF, 0xFF, 0xFF, 0xFF, 0xF8,
  0x00, 0x00, 0x00, 0x00, 0x00, 0x06, 0x00, 0x00, 0x00, 0x00, 0x00, 0x0F,
  0x00, 0x00, 0x00, 0x00, 0x00, 0x1F, 0x00, 0x00, 0x00, 0x00, 0x00, 0x3F,
  0x00, 0x00, 0x00, 0x00, 0x00, 0x7F, 0x00, 0x00, 0x00, 0x00, 0x00, 0x7F,
  0x00, 0x00, 0x00, 0x00, 0x00, 0x7F, 0x00, 0x00, 0x00, 0x00, 0x00, 0x7F,
  0x00, 0x00, 0x00, 0x00, 0x00, 0x7F, 0x00, 0x00, 0x00, 0x00, 0x00, 0x7F,
  0x00, 0x00, 0x00, 0x00, 0x00, 0x7F, 0x00, 0x00, 0x00, 0x00, 0x00, 0x7F,
  0x00, 0x00, 0x00, 0x00, 0x00, 0x7F, 0x00, 0x00, 0x00, 0x00, 0x00, 0x7F,
  0x00, 0x00, 0x00, 0x00, 0x00, 0x7F, 0x00, 0x00, 0x00, 0x00, 0x00, 0x7F,
  0x00, 0x00, 0x00, 0x00, 0x00, 0x7F, 0x00, 0x00, 0x00, 0x00, 0x00, 0x7F,
  0x00, 0x00, 0x00, 0x00, 0x00, 0x7F, 0x00, 0x00, 0x00, 0x00, 0x00, 0x7F,
  0x00, 0x00, 0x00, 0x00, 0x00, 0x7F, 0x00, 0x00, 0x00, 0x00, 0x00, 0x7F,
  0x00, 0x00, 0x00, 0x00, 0x00, 0x7F, 0x00, 0x00, 0x00, 0x00, 0x00, 0x7F,
  0x00, 0x00, 0x00, 0x00, 0x00, 0x7F, 0x00, 0x00, 0x00, 0x00, 0x00, 0x7F,
  0x00, 0x00, 0x00, 0x00, 0x00, 0x7F, 0x00, 0x00, 0x00, 0x00, 0x00, 0x7F,
  0x00, 0x00, 0x00, 0x00, 0x00, 0x7F, 0x00, 0x00, 0x00, 0x00, 0x00, 0x7F,
  0x00, 0x00, 0x00, 0x00, 0x00, 0x3F, 0x00, 0x00, 0x00, 0x00, 0x00, 0x1F,
  0x00, 0x00, 0x00, 0x00, 0x00, 0x0F, 0x00, 0x00, 0x00, 0x00, 0x00, 0x07,
  0x00, 0x00, 0x00, 0x00, 0x00, 0x00, 0x00, 0x00, 0x00, 0x00, 0x00, 0x00,
  0xC0, 0x00, 0x00, 0x00, 0x00, 0x07, 0xF0, 0x00, 0x00, 0x00, 0x00, 0x0F,
  0xF8, 0x00, 0x00, 0x00, 0x00, 0x1F, 0xFC, 0x00, 0x00, 0x00, 0x00, 0x3F,
  0xFE, 0x00, 0x00, 0x00, 0x00, 0x7F, 0xFE, 0x00, 0x00, 0x00, 0x00, 0x7F,
  0xFE, 0x00, 0x00, 0x00, 0x00, 0x7F, 0xFE, 0x00, 0x00, 0x00, 0x00, 0x7F,
  0xFE, 0x00, 0x00, 0x00, 0x00, 0x7F, 0xFE, 0x00, 0x00, 0x00, 0x00, 0x7F,
  0xFE, 0x00, 0x00, 0x00, 0x00, 0x7F, 0xFE, 0x00, 0x00, 0x00, 0x00, 0x7F,
  0xFE, 0x00, 0x00, 0x00, 0x00, 0x7F, 0xFE, 0x00, 0x00, 0x00, 0x00, 0x7F,
  0xFE, 0x00, 0x00, 0x00, 0x00, 0x7F, 0xFE, 0x00, 0x00, 0x00, 0x00, 0x7F,
  0xFE, 0x00, 0x00, 0x00, 0x00, 0x7F, 0xFE, 0x00, 0x00, 0x00, 0x00, 0x7F,
  0xFE, 0x00, 0x00, 0x00, 0x00, 0x7F, 0xFE, 0x00, 0x00, 0x00, 0x00, 0x7F,
  0xFE, 0x00, 0x00, 0x00, 0x00, 0x7F, 0xFE, 0x00, 0x00, 0x00, 0x00, 0x7F,
  0xFE, 0x00, 0x00, 0x00, 0x00, 0x7F, 0xFE, 0x00, 0x00, 0x00, 0x00, 0x7F,
  0xFE, 0x00, 0x00, 0x00, 0x00, 0x7F, 0xFE, 0x00, 0x00, 0x00, 0x00, 0x7F,
  0xFE, 0x00, 0x00, 0x00, 0x00, 0x7F, 0xFE, 0x00, 0x00, 0x00, 0x00, 0x7F,
  0xFE, 0x00, 0x00, 0x00, 0x00, 0x7F, 0xFE, 0x00, 0x00, 0x00, 0x00, 0x7F,
  0xFC, 0x00, 0x00, 0x00, 0x00, 0x3F, 0xF9, 0xFF, 0xFF, 0xFF, 0xFF, 0x1F,
  0xF3, 0xFF, 0xFF, 0xFF, 0xFF, 0x8F, 0x67, 0xFF, 0xFF, 0xFF, 0xFF, 0xC6,
  0x0F, 0xFF, 0xFF, 0xFF, 0xFF, 0xE0, 0x1F, 0xFF, 0xFF, 0xFF, 0xFF, 0xF0,
  0x0F, 0xFF, 0xFF, 0xFF, 0xFF, 0xF0, 0x07, 0xFF, 0xFF, 0xFF, 0xFF, 0xE0,
  0x60, 0x00, 0x00, 0x00, 0x01, 0xE0, 0x00, 0x00, 0x00, 0x03, 0xE0, 0x00,
  0x00, 0x00, 0x07, 0xE0, 0x00, 0x00, 0x00, 0x0F, 0xE0, 0x00, 0x00, 0x00,
  0x1F, 0xC0, 0x00, 0x00, 0x00, 0xFF, 0x80, 0x00, 0x00, 0x03, 0xFF, 0x00,
  0x00, 0x00, 0x07, 0xFE, 0x00, 0x00, 0x00, 0x1F, 0xFC, 0x00, 0x00, 0x00,
  0x7F, 0xF8, 0x00, 0x00, 0x00, 0xFF, 0xF0, 0x00, 0x00, 0x03, 0xFF, 0xE0,
  0x00, 0x00, 0x07, 0xFF, 0xC0, 0x00, 0x00, 0x1F, 0xFF, 0x80, 0x00, 0x00,
  0x7F, 0xFF, 0x00, 0x00, 0x00, 0xFF, 0xFE, 0x00, 0x00, 0x03, 0xFF, 0xFC,
  0x00, 0x00, 0x07, 0xFB, 0xF8, 0x00, 0x00, 0x1F, 0xF7, 0xF0, 0x00, 0x00,
  0x3F, 0xCF, 0xE0, 0x00, 0x00, 0x7F, 0x1F, 0xC0, 0x00, 0x00, 0xFE, 0x3F,
  0x80, 0x00, 0x01, 0xF8, 0x7F, 0x00, 0x00, 0x03, 0xF0, 0xFE, 0x00, 0x00,
  0x07, 0xC1, 0xFC, 0x00, 0x00, 0x0F, 0x83, 0xF8, 0x00, 0x00, 0x1E, 0x07,
  0xF0, 0x00, 0x00, 0x38, 0x0F, 0xE0, 0x00, 0x00, 0x70, 0x1F, 0xC0, 0x00,
  0x00, 0xC0, 0x3F, 0x00, 0x00, 0x00, 0x00, 0x7C, 0xFF, 0xFC, 0x00, 0x00,
  0xF3, 0xFF, 0xF8, 0x00, 0x01, 0x8F, 0xFF, 0xF8, 0x00, 0x00, 0x3F, 0xFF,
  0xF8, 0x00, 0x00, 0x7F, 0xFF, 0xF0, 0x00, 0x0C, 0x7F, 0xFF, 0xC0, 0x00,
  0x1E, 0x7F, 0xFF, 0x00, 0x00, 0x3E, 0x7F, 0xFE, 0x00, 0x00, 0x7E, 0x00,
  0x00, 0x00, 0x00, 0xFE, 0x00, 0x00, 0x06, 0x01, 0xFC, 0x00, 0x00, 0x0E,
  0x03, 0xF8, 0x00, 0x00, 0x1C, 0x07, 0xF0, 0x00, 0x00, 0x3C, 0x0F, 0xE0,
  0x00, 0x00, 0x78, 0x1F, 0xC0, 0x00, 0x00, 0xF8, 0x3F, 0x80, 0x00, 0x01,
  0xF8, 0x7F, 0x00, 0x00, 0x03, 0xF0, 0xFE, 0x00, 0x00, 0x07, 0xF1, 0xFC,
  0x00, 0x00, 0x0F, 0xE3, 0xF8, 0x00, 0x00, 0x1F, 0xE7, 0xF0, 0x00, 0x00,
  0x3F, 0xEF, 0xE0, 0x00, 0x00, 0x3F, 0xDF, 0xC0, 0x00, 0x00, 0x7F, 0xFF,
  0x80, 0x00, 0x00, 0x7F, 0xFF, 0x00, 0x00, 0x00, 0xFF, 0xFE, 0x00, 0x00,
  0x00, 0xFF, 0xFC, 0x00, 0x00, 0x00, 0xFF, 0xF8, 0x00, 0x00, 0x01, 0xFF,
  0xF0, 0x00, 0x00, 0x01, 0xFF, 0xE0, 0x00, 0x00, 0x03, 0xFF, 0xC0, 0x00,
  0x00, 0x03, 0xFF, 0x80, 0x00, 0x00, 0x03, 0xFF, 0x00, 0x00, 0x00, 0x07,
  0xFE, 0x00, 0x00, 0x00, 0x07, 0xFC, 0x00, 0x00, 0x00, 0x03, 0xF0, 0x00,
  0x00, 0x00, 0x07, 0xC0, 0x00, 0x00, 0x00, 0x0F, 0x00, 0x00, 0x00, 0x00,
  0x0C, 0x00, 0x00, 0x00, 0x00, 0x00, 0x60, 0x00, 0x00, 0x00, 0x00, 0x0F,
  0x00, 0x00, 0x00, 0x00, 0x00, 0xF8, 0x00, 0x00, 0x00, 0x00, 0x0F, 0xC0,
  0x00, 0x00, 0x00, 0x00, 0xFE, 0x00, 0x00, 0x00, 0x00, 0x0F, 0xE0, 0x00,
  0x00, 0x00, 0x00, 0xFE, 0x00, 0x00, 0x00, 0x00, 0x0F, 0xE0, 0x00, 0x00,
  0x00, 0x00, 0xFE, 0x00, 0x00, 0x00, 0x00, 0x0F, 0xE0, 0x00, 0x00, 0x00,
  0x00, 0xFE, 0x00, 0x00, 0x00, 0x00, 0x0F, 0xE0, 0x00, 0x00, 0x00, 0x00,
  0xFE, 0x00, 0x00, 0x00, 0x00, 0x0F, 0xE0, 0x00, 0x00, 0x00, 0x00, 0xFE,
  0x00, 0x00, 0x00, 0x00, 0x0F, 0xE0, 0x00, 0x00, 0x00, 0x00, 0xFE, 0x00,
  0x00, 0x00, 0x00, 0x0F, 0xE0, 0x00, 0x00, 0x00, 0x00, 0xFE, 0x00, 0x00,
  0x00, 0x00, 0x0F, 0xE0, 0x00, 0x00, 0x00, 0x00, 0xFE, 0x00, 0x00, 0x00,
  0x00, 0x0F, 0xE0, 0x00, 0x00, 0x00, 0x00, 0xFE, 0x00, 0x00, 0x00, 0x00,
  0x0F, 0xE0, 0x00, 0x00, 0x00, 0x00, 0xFE, 0x00, 0x00, 0x00, 0x00, 0x0F,
  0xE0, 0x00, 0x00, 0x00, 0x00, 0xFE, 0x00, 0x00, 0x00, 0x00, 0x0F, 0xE0,
  0x00, 0x00, 0x00, 0x00, 0xFE, 0x00, 0x00, 0x00, 0x00, 0x0F, 0xE0, 0x00,
  0x00, 0x00, 0x00, 0xFC, 0x00, 0x00, 0x00, 0x00, 0x0F, 0x80, 0x00, 0x00,
  0x00, 0x00, 0xF0, 0x00, 0x00, 0x00, 0x00, 0x0C, 0x00, 0x00, 0x00, 0x00,
  0x00, 0x00, 0x00, 0x00, 0x00, 0x00, 0x00, 0x00, 0x00, 0x00, 0x00, 0x00,
  0xC0, 0x00, 0x00, 0x00, 0x00, 0x0F, 0x00, 0x00, 0x00, 0x00, 0x00, 0xF8,
  0x00, 0x00, 0x00, 0x00, 0x0F, 0xC0, 0x00, 0x00, 0x00, 0x00, 0xFE, 0x00,
  0x00, 0x00, 0x00, 0x0F, 0xE0, 0x00, 0x00, 0x00, 0x00, 0xFE, 0x00, 0x00,
  0x00, 0x00, 0x0F, 0xE0, 0x00, 0x00, 0x00, 0x00, 0xFE, 0x00, 0x00, 0x00,
  0x00, 0x0F, 0xE0, 0x00, 0x00, 0x00, 0x00, 0xFE, 0x00, 0x00, 0x00, 0x00,
  0x0F, 0xE0, 0x00, 0x00, 0x00, 0x00, 0xFE, 0x00, 0x00, 0x00, 0x00, 0x0F,
  0xE0, 0x00, 0x00, 0x00, 0x00, 0xFE, 0x00, 0x00, 0x00, 0x00, 0x0F, 0xE0,
  0x00, 0x00, 0x00, 0x00, 0xFE, 0x00, 0x00, 0x00, 0x00, 0x0F, 0xE0, 0x00,
  0x00, 0x00, 0x00, 0xFE, 0x00, 0x00, 0x00, 0x00, 0x0F, 0xE0, 0x00, 0x00,
  0x00, 0x00, 0xFE, 0x00, 0x00, 0x00, 0x00, 0x0F, 0xE0, 0x00, 0x00, 0x00,
  0x00, 0xFE, 0x00, 0x00, 0x00, 0x00, 0x0F, 0xE0, 0x00, 0x00, 0x00, 0x00,
  0xFE, 0x00, 0x00, 0x00, 0x00, 0x0F, 0xE0, 0x00, 0x00, 0x00, 0x00, 0xFE,
  0x00, 0x00, 0x00, 0x00, 0x0F, 0xE0, 0x00, 0x00, 0x00, 0x00, 0xFE, 0x00,
  0x00, 0x00, 0x00, 0x0F, 0xE0, 0x00, 0x00, 0x00, 0x00, 0xFC, 0x00, 0x00,
  0x00, 0x00, 0x0F, 0x9F, 0xFF, 0xFF, 0xFF, 0xF0, 0xF3, 0xFF, 0xFF, 0xFF,
  0xFF, 0x86, 0x7F, 0xFF, 0xFF, 0xFF, 0xFC, 0x0F, 0xFF, 0xFF, 0xFF, 0xFF,
  0xE1, 0xFF, 0xFF, 0xFF, 0xFF, 0xFF, 0x0F, 0xFF, 0xFF, 0xFF, 0xFF, 0xF0,
  0x7F, 0xFF, 0xFF, 0xFF, 0xFE, 0x60, 0x00, 0x00, 0x00, 0x00, 0x06, 0xF0,
  0x00, 0x00, 0x00, 0x00, 0x0F, 0xF8, 0x00, 0x00, 0x00, 0x00, 0x1F, 0xFC,
  0x00, 0x00, 0x00, 0x00, 0x3F, 0xFE, 0x00, 0x00, 0x00, 0x00, 0x7F, 0xFE,
  0x60, 0x00, 0x00, 0x06, 0x7F, 0xFE, 0x70, 0x00, 0x00, 0x0E, 0x7F, 0xFE,
  0x70, 0x00, 0x00, 0x0E, 0x7F, 0xFE, 0x78, 0x00, 0x00, 0x1E, 0x7F, 0xFE,
  0x78, 0x00, 0x00, 0x3E, 0x7F, 0xFE, 0x7C, 0x00, 0x00, 0x3E, 0x7F, 0xFE,
  0x7C, 0x00, 0x00, 0x7E, 0x7F, 0xFE, 0x7E, 0x00, 0x00, 0x7E, 0x7F, 0xFE,
  0x7F, 0x00, 0x00, 0xFE, 0x7F, 0xFE, 0x7F, 0x00, 0x01, 0xFE, 0x7F, 0xFE,
  0x7F, 0x80, 0x01, 0xFE, 0x7F, 0xFE, 0x7F, 0x80, 0x03, 0xFE, 0x7F, 0xFE,
  0x3F, 0xC0, 0x03, 0xFC, 0x7F, 0xFE, 0x3F, 0xC0, 0x07, 0xFC, 0x7F, 0xFE,
  0x1F, 0xE0, 0x07, 0xF8, 0x7F, 0xFE, 0x1F, 0xE0, 0x07, 0xF0, 0x7F, 0xFE,
  0x0F, 0xE0, 0x07, 0xF0, 0x7F, 0xFE, 0x0F, 0xE0, 0x07, 0xE0, 0x7F, 0xFE,
  0x07, 0xE0, 0x07, 0xE0, 0x7F, 0xFE, 0x03, 0xE0, 0x07, 0xC0, 0x7F, 0xFE,
  0x03, 0xE0, 0x07, 0xC0, 0x7F, 0xFE, 0x01, 0xE0, 0x07, 0x80, 0x7F, 0xFE,
  0x01, 0xE0, 0x07, 0x00, 0x7F, 0xFE, 0x00, 0xE0, 0x07, 0x00, 0x7F, 0xFE,
  0x00, 0xE0, 0x06, 0x00, 0x7F, 0xFC, 0x00, 0x00, 0x00, 0x00, 0x3F, 0xF8,
  0x00, 0x00, 0x00, 0x00, 0x1F, 0xF0, 0x00, 0x00, 0x00, 0x00, 0x0F, 0xC0,
  0x00, 0x00, 0x00, 0x00, 0x07, 0x00, 0x00, 0x00, 0x00, 0x00, 0x00, 0x00,
  0x00, 0x00, 0x00, 0x00, 0x00, 0xC0, 0x00, 0x00, 0x00, 0x00, 0x07, 0xF0,
  0x00, 0x01, 0x00, 0x00, 0x0F, 0xF8, 0x00, 0x01, 0x80, 0x00, 0x1F, 0xFC,
  0x00, 0x03, 0x80, 0x00, 0x3F, 0xFE, 0x00, 0x03, 0xC0, 0x00, 0x7F, 0xFE,
  0x00, 0x07, 0xE0, 0x00, 0x7F, 0xFE, 0x00, 0x0F, 0xE0, 0x00, 0x7F, 0xFE,
  0x00, 0x0F, 0xE0, 0x00, 0x7F, 0xFE, 0x00, 0x0F, 0xE0, 0x00, 0x7F, 0xFE,
  0x00, 0x0F, 0xE0, 0x00, 0x7F, 0xFE, 0x00, 0x0F, 0xE0, 0x00, 0x7F, 0xFE,
  0x00, 0x0F, 0xE0, 0x00, 0x7F, 0xFE, 0x00, 0x0F, 0xE0, 0x00, 0x7F, 0xFE,
  0x00, 0x0F, 0xE0, 0x00, 0x7F, 0xFE, 0x00, 0x0F, 0xE0, 0x00, 0x7F, 0xFE,
  0x00, 0x0F, 0xE0, 0x00, 0x7F, 0xFE, 0x00, 0x0F, 0xE0, 0x00, 0x7F, 0xFE,
  0x00, 0x0F, 0xE0, 0x00, 0x7F, 0xFE, 0x00, 0x0F, 0xE0, 0x00, 0x7F, 0xFE,
  0x00, 0x0F, 0xE0, 0x00, 0x7F, 0xFE, 0x00, 0x0F, 0xE0, 0x00, 0x7F, 0xFE,
  0x00, 0x0F, 0xE0, 0x00, 0x7F, 0xFE, 0x00, 0x0F, 0xE0, 0x00, 0x7F, 0xFE,
  0x00, 0x0F, 0xE0, 0x00, 0x7F, 0xFE, 0x00, 0x0F, 0xE0, 0x00, 0x7F, 0xFE,
  0x00, 0x0F, 0xE0, 0x00, 0x7F, 0xFE, 0x00, 0x0F, 0xE0, 0x00, 0x7F, 0xFE,
  0x00, 0x0F, 0xE0, 0x00, 0x7F, 0xFE, 0x00, 0x0F, 0xE0, 0x00, 0x7F, 0xFE,
  0x00, 0x00, 0x00, 0x00, 0x7F, 0xFC, 0x00, 0x00, 0x00, 0x00, 0x3F, 0xF8,
  0x00, 0x00, 0x00, 0x00, 0x1F, 0xF0, 0x00, 0x00, 0x00, 0x00, 0x0F, 0x60,
  0x00, 0x00, 0x00, 0x00, 0x06, 0x60, 0x00, 0x00, 0x00, 0x00, 0x06, 0xF0,
  0x00, 0x00, 0x00, 0x00, 0x0F, 0xF8, 0x00, 0x00, 0x00, 0x00, 0x1F, 0xFC,
  0x00, 0x00, 0x00, 0x00, 0x3F, 0xFE, 0x00, 0x00, 0x00, 0x00, 0x7F, 0xFE,
  0x60, 0x00, 0x00, 0x00, 0x7F, 0xFE, 0x70, 0x00, 0x00, 0x00, 0x7F, 0xFE,
  0x70, 0x00, 0x00, 0x00, 0x7F, 0xFE, 0x78, 0x00, 0x00, 0x00, 0x7F, 0xFE,
  0x78, 0x00, 0x00, 0x00, 0x7F, 0xFE, 0x7C, 0x00, 0x00, 0x00, 0x7F, 0xFE,
  0x7C, 0x00, 0x00, 0x00, 0x7F, 0xFE, 0x7E, 0x00, 0x00, 0x00, 0x7F, 0xFE,
  0x7F, 0x00, 0x00, 0x00, 0x7F, 0xFE, 0x7F, 0x00, 0x00, 0x00, 0x7F, 0xFE,
  0x7F, 0x80, 0x00, 0x00, 0x7F, 0xFE, 0x7F, 0x80, 0x00, 0x00, 0x7F, 0xFE,
  0x3F, 0xC0, 0x00, 0x00, 0x7F, 0xFE, 0x3F, 0xC0, 0x00, 0x00, 0x7F, 0xFE,
  0x1F, 0xE0, 0x00, 0x00, 0x7F, 0xFE, 0x1F, 0xE0, 0x00, 0x00, 0x7F, 0xFE,
  0x0F, 0xE0, 0x00, 0x00, 0x7F, 0xFE, 0x0F, 0xE0, 0x00, 0x00, 0x7F, 0xFE,
  0x07, 0xE0, 0x00, 0x00, 0x7F, 0xFE, 0x03, 0xE0, 0x00, 0x00, 0x7F, 0xFE,
  0x03, 0xE0, 0x00, 0x00, 0x7F, 0xFE, 0x01, 0xE0, 0x00, 0x00, 0x7F, 0xFE,
  0x01, 0xE0, 0x00, 0x00, 0x7F, 0xFE, 0x00, 0xE0, 0x00, 0x00, 0x7F, 0xFE,
  0x00, 0xE0, 0x00, 0x00, 0x7F, 0xFC, 0x00, 0x00, 0x00, 0x00, 0x3F, 0xF8,
  0x00, 0x00, 0x00, 0x00, 0x1F, 0xF0, 0x00, 0x00, 0x00, 0x00, 0x0F, 0xC0,
  0x00, 0x00, 0x00, 0x00, 0x07, 0x00, 0x00, 0x00, 0x00, 0x00, 0x00, 0x00,
  0x00, 0x00, 0x00, 0x00, 0x00, 0xC0, 0x00, 0x00, 0x00, 0x00, 0x07, 0xF0,
  0x00, 0x00, 0x00, 0x00, 0x0F, 0xF8, 0x00, 0x00, 0x00, 0x00, 0x1F, 0xFC,
  0x00, 0x00, 0x00, 0x00, 0x3F, 0xFE, 0x00, 0x00, 0x06, 0x00, 0x7F, 0xFE,
  0x00, 0x00, 0x07, 0x00, 0x7F, 0xFE, 0x00, 0x00, 0x07, 0x00, 0x7F, 0xFE,
  0x00, 0x00, 0x07, 0x80, 0x7F, 0xFE, 0x00, 0x00, 0x07, 0x80, 0x7F, 0xFE,
  0x00, 0x00, 0x07, 0xC0, 0x7F, 0xFE, 0x00, 0x00, 0x07, 0xE0, 0x7F, 0xFE,
  0x00, 0x00, 0x07, 0xE0, 0x7F, 0xFE, 0x00, 0x00, 0x07, 0xF0, 0x7F, 0xFE,
  0x00, 0x00, 0x07, 0xF0, 0x7F, 0xFE, 0x00, 0x00, 0x07, 0xF8, 0x7F, 0xFE,
  0x00, 0x00, 0x07, 0xFC, 0x7F, 0xFE, 0x00, 0x00, 0x03, 0xFC, 0x7F, 0xFE,
  0x00, 0x00, 0x03, 0xFE, 0x7F, 0xFE, 0x00, 0x00, 0x01, 0xFE, 0x7F, 0xFE,
  0x00, 0x00, 0x01, 0xFE, 0x7F, 0xFE, 0x00, 0x00, 0x00, 0xFE, 0x7F, 0xFE,
  0x00, 0x00, 0x00, 0x7E, 0x7F, 0xFE, 0x00, 0x00, 0x00, 0x7E, 0x7F, 0xFE,
  0x00, 0x00, 0x00, 0x3E, 0x7F, 0xFE, 0x00, 0x00, 0x00, 0x3E, 0x7F, 0xFE,
  0x00, 0x00, 0x00, 0x1E, 0x7F, 0xFE, 0x00, 0x00, 0x00, 0x0E, 0x7F, 0xFE,
  0x00, 0x00, 0x00, 0x0E, 0x7F, 0xFE, 0x00, 0x00, 0x00, 0x06, 0x7F, 0xFE,
  0x00, 0x00, 0x00, 0x00, 0x7F, 0xFC, 0x00, 0x00, 0x00, 0x00, 0x3F, 0xF8,
  0x00, 0x00, 0x00, 0x00, 0x1F, 0xF0, 0x00, 0x00, 0x00, 0x00, 0x0F, 0x60,
  0x00, 0x00, 0x00, 0x00, 0x06, 0x07, 0xFF, 0xFF, 0xFF, 0xFF, 0xE0, 0x0F,
  0xFF, 0xFF, 0xFF, 0xFF, 0xF0, 0x1F, 0xFF, 0xFF, 0xFF, 0xFF, 0xF0, 0x0F,
  0xFF, 0xFF, 0xFF, 0xFF, 0xE0, 0x67, 0xFF, 0xFF, 0xFF, 0xFF, 0xC6, 0xF3,
  0xFF, 0xFF, 0xFF, 0xFF, 0x8F, 0xF9, 0xFF, 0xFF, 0xFF, 0xFF, 0x1F, 0xFC,
  0x00, 0x00, 0x00, 0x00, 0x3F, 0xFE, 0x00, 0x00, 0x00, 0x00, 0x7F, 0xFE,
  0x00, 0x00, 0x00, 0x00, 0x7F, 0xFE, 0x00, 0x00, 0x00, 0x00, 0x7F, 0xFE,
  0x00, 0x00, 0x00, 0x00, 0x7F, 0xFE, 0x00, 0x00, 0x00, 0x00, 0x7F, 0xFE,
  0x00, 0x00, 0x00, 0x00, 0x7F, 0xFE, 0x00, 0x00, 0x00, 0x00, 0x7F, 0xFE,
  0x00, 0x00, 0x00, 0x00, 0x7F, 0xFE, 0x00, 0x00, 0x00, 0x00, 0x7F, 0xFE,
  0x00, 0x00, 0x00, 0x00, 0x7F, 0xFE, 0x00, 0x00, 0x00, 0x00, 0x7F, 0xFE,
  0x00, 0x00, 0x00, 0x00, 0x7F, 0xFE, 0x00, 0x00, 0x00, 0x00, 0x7F, 0xFE,
  0x00, 0x00, 0x00, 0x00, 0x7F, 0xFE, 0x00, 0x00, 0x00, 0x00, 0x7F, 0xFE,
  0x00, 0x00, 0x00, 0x00, 0x7F, 0xFE, 0x00, 0x00, 0x00, 0x00, 0x7F, 0xFE,
  0x00, 0x00, 0x00, 0x00, 0x7F, 0xFE, 0x00, 0x00, 0x00, 0x00, 0x7F, 0xFE,
  0x00, 0x00, 0x00, 0x00, 0x7F, 0xFE, 0x00, 0x00, 0x00, 0x00, 0x7F, 0xFE,
  0x00, 0x00, 0x00, 0x00, 0x7F, 0xFE, 0x00, 0x00, 0x00, 0x00, 0x7F, 0xFE,
  0x00, 0x00, 0x00, 0x00, 0x7F, 0xFE, 0x00, 0x00, 0x00, 0x00, 0x7F, 0xFE,
  0x00, 0x00, 0x00, 0x00, 0x7F, 0xFC, 0x00, 0x00, 0x00, 0x00, 0x3F, 0xF8,
  0x00, 0x00, 0x00, 0x00, 0x1F, 0xF0, 0x00, 0x00, 0x00, 0x00, 0x0F, 0xC0,
  0x00, 0x00, 0x00, 0x00, 0x07, 0x00, 0x00, 0x00, 0x00, 0x00, 0x00, 0x00,
  0x00, 0x00, 0x00, 0x00, 0x00, 0xC0, 0x00, 0x00, 0x00, 0x00, 0x07, 0xF0,
  0x00, 0x00, 0x00, 0x00, 0x0F, 0xF8, 0x00, 0x00, 0x00, 0x00, 0x1F, 0xFC,
  0x00, 0x00, 0x00, 0x00, 0x3F, 0xFE, 0x00, 0x00, 0x00, 0x00, 0x7F, 0xFE,
  0x00, 0x00, 0x00, 0x00, 0x7F, 0xFE, 0x00, 0x00, 0x00, 0x00, 0x7F, 0xFE,
  0x00, 0x00, 0x00, 0x00, 0x7F, 0xFE, 0x00, 0x00, 0x00, 0x00, 0x7F, 0xFE,
  0x00, 0x00, 0x00, 0x00, 0x7F, 0xFE, 0x00, 0x00, 0x00, 0x00, 0x7F, 0xFE,
  0x00, 0x00, 0x00, 0x00, 0x7F, 0xFE, 0x00, 0x00, 0x00, 0x00, 0x7F, 0xFE,
  0x00, 0x00, 0x00, 0x00, 0x7F, 0xFE, 0x00, 0x00, 0x00, 0x00, 0x7F, 0xFE,
  0x00, 0x00, 0x00, 0x00, 0x7F, 0xFE, 0x00, 0x00, 0x00, 0x00, 0x7F, 0xFE,
  0x00, 0x00, 0x00, 0x00, 0x7F, 0xFE, 0x00, 0x00, 0x00, 0x00, 0x7F, 0xFE,
  0x00, 0x00, 0x00, 0x00, 0x7F, 0xFE, 0x00, 0x00, 0x00, 0x00, 0x7F, 0xFE,
  0x00, 0x00, 0x00, 0x00, 0x7F, 0xFE, 0x00, 0x00, 0x00, 0x00, 0x7F, 0xFE,
  0x00, 0x00, 0x00, 0x00, 0x7F, 0xFE, 0x00, 0x00, 0x00, 0x00, 0x7F, 0xFE,
  0x00, 0x00, 0x00, 0x00, 0x7F, 0xFE, 0x00, 0x00, 0x00, 0x00, 0x7F, 0xFE,
  0x00, 0x00, 0x00, 0x00, 0x7F, 0xFE, 0x00, 0x00, 0x00, 0x00, 0x7F, 0xFE,
  0x00, 0x00, 0x00, 0x00, 0x7F, 0xFC, 0x00, 0x00, 0x00, 0x00, 0x3F, 0xF9,
  0xFF, 0xFF, 0xFF, 0xFF, 0x1F, 0xF3, 0xFF, 0xFF, 0xFF, 0xFF, 0x8F, 0x67,
  0xFF, 0xFF, 0xFF, 0xFF, 0xC6, 0x0F, 0xFF, 0xFF, 0xFF, 0xFF, 0xE0, 0x1F,
  0xFF, 0xFF, 0xFF, 0xFF, 0xF0, 0x0F, 0xFF, 0xFF, 0xFF, 0xFF, 0xF0, 0x07,
  0xFF, 0xFF, 0xFF, 0xFF, 0xE0, 0x07, 0xFF, 0xFF, 0xFF, 0xFF, 0xE0, 0x0F,
  0xFF, 0xFF, 0xFF, 0xFF, 0xF0, 0x1F, 0xFF, 0xFF, 0xFF, 0xFF, 0xF0, 0x0F,
  0xFF, 0xFF, 0xFF, 0xFF, 0xE0, 0x67, 0xFF, 0xFF, 0xFF, 0xFF, 0xC6, 0xF3,
  0xFF, 0xFF, 0xFF, 0xFF, 0x8F, 0xF9, 0xFF, 0xFF, 0xFF, 0xFF, 0x1F, 0xFC,
  0x00, 0x00, 0x00, 0x00, 0x3F, 0xFE, 0x00, 0x00, 0x00, 0x00, 0x7F, 0xFE,
  0x00, 0x00, 0x00, 0x00, 0x7F, 0xFE, 0x00, 0x00, 0x00, 0x00, 0x7F, 0xFE,
  0x00, 0x00, 0x00, 0x00, 0x7F, 0xFE, 0x00, 0x00, 0x00, 0x00, 0x7F, 0xFE,
  0x00, 0x00, 0x00, 0x00, 0x7F, 0xFE, 0x00, 0x00, 0x00, 0x00, 0x7F, 0xFE,
  0x00, 0x00, 0x00, 0x00, 0x7F, 0xFE, 0x00, 0x00, 0x00, 0x00, 0x7F, 0xFE,
  0x00, 0x00, 0x00, 0x00, 0x7F, 0xFE, 0x00, 0x00, 0x00, 0x00, 0x7F, 0xFE,
  0x00, 0x00, 0x00, 0x00, 0x7F, 0xFE, 0x00, 0x00, 0x00, 0x00, 0x7F, 0xFE,
  0x00, 0x00, 0x00, 0x00, 0x7F, 0xFE, 0x00, 0x00, 0x00, 0x00, 0x7F, 0xFE,
  0x00, 0x00, 0x00, 0x00, 0x7F, 0xFE, 0x00, 0x00, 0x00, 0x00, 0x7F, 0xFE,
  0x00, 0x00, 0x00, 0x00, 0x7F, 0xFE, 0x00, 0x00, 0x00, 0x00, 0x7F, 0xFE,
  0x00, 0x00, 0x00, 0x00, 0x7F, 0xFE, 0x00, 0x00, 0x00, 0x00, 0x7F, 0xFE,
  0x00, 0x00, 0x00, 0x00, 0x7F, 0xFE, 0x00, 0x00, 0x00, 0x00, 0x7F, 0xFE,
  0x00, 0x00, 0x00, 0x00, 0x7F, 0xFE, 0x00, 0x00, 0x00, 0x00, 0x7F, 0xFE,
  0x00, 0x00, 0x00, 0x00, 0x7F, 0xFC, 0x00, 0x00, 0x00, 0x00, 0x3F, 0xF9,
  0xFF, 0xF8, 0x1F, 0xFF, 0x9F, 0xF3, 0xFF, 0xF8, 0x3F, 0xFF, 0xCF, 0xC7,
  0xFF, 0xFC, 0x3F, 0xFF, 0xE7, 0x0F, 0xFF, 0xFE, 0x7F, 0xFF, 0xF0, 0x0F,
  0xFF, 0xFE, 0x7F, 0xFF, 0xF0, 0xC7, 0xFF, 0xFC, 0x3F, 0xFF, 0xE0, 0xF3,
  0xFF, 0xF8, 0x3F, 0xFF, 0xC0, 0xF9, 0xFF, 0xF8, 0x1F, 0xFF, 0x80, 0xFC,
  0x00, 0x00, 0x00, 0x00, 0x00, 0xFE, 0x00, 0x00, 0x00, 0x00, 0x00, 0xFE,
  0x00, 0x00, 0x00, 0x00, 0x00, 0xFE, 0x00, 0x00, 0x00, 0x00, 0x00, 0xFE,
  0x00, 0x00, 0x00, 0x00, 0x00, 0xFE, 0x00, 0x00, 0x00, 0x00, 0x00, 0xFE,
  0x00, 0x00, 0x00, 0x00, 0x00, 0xFE, 0x00, 0x00, 0x00, 0x00, 0x00, 0xFE,
  0x00, 0x00, 0x00, 0x00, 0x00, 0xFE, 0x00, 0x00, 0x00, 0x00, 0x00, 0xFE,
  0x00, 0x00, 0x00, 0x00, 0x00, 0xFE, 0x00, 0x00, 0x00, 0x00, 0x00, 0xFE,
  0x00, 0x00, 0x00, 0x00, 0x00, 0xFE, 0x00, 0x00, 0x00, 0x00, 0x00, 0xFE,
  0x00, 0x00, 0x00, 0x00, 0x00, 0xFE, 0x00, 0x00, 0x00, 0x00, 0x00, 0xFE,
  0x00, 0x00, 0x00, 0x00, 0x00, 0xFE, 0x00, 0x00, 0x00, 0x00, 0x00, 0xFE,
  0x00, 0x00, 0x00, 0x00, 0x00, 0xFE, 0x00, 0x00, 0x00, 0x00, 0x00, 0xFE,
  0x00, 0x00, 0x00, 0x00, 0x00, 0xFE, 0x00, 0x00, 0x00, 0x00, 0x00, 0xFE,
  0x00, 0x00, 0x00, 0x00, 0x00, 0xFE, 0x00, 0x00, 0x00, 0x00, 0x00, 0xFE,
  0x00, 0x00, 0x00, 0x00, 0x00, 0xFE, 0x00, 0x00, 0x00, 0x00, 0x00, 0xFE,
  0x00, 0x00, 0x00, 0x00, 0x00, 0xFC, 0x00, 0x00, 0x00, 0x00, 0x00, 0xF8,
  0x00, 0x00, 0x00, 0x00, 0x00, 0xF0, 0x00, 0x00, 0x00, 0x00, 0x00, 0x60,
  0x00, 0x00, 0x00, 0x00, 0x00, 0x07, 0xFF, 0xFF, 0xFF, 0xFF, 0xE0, 0x0F,
  0xFF, 0xFF, 0xFF, 0xFF, 0xF0, 0x1F, 0xFF, 0xFF, 0xFF, 0xFF, 0xF0, 0x0F,
  0xFF, 0xFF, 0xFF, 0xFF, 0xE0, 0x67, 0xFF, 0xFF, 0xFF, 0xFF, 0xC6, 0xF3,
  0xFF, 0xFF, 0xFF, 0xFF, 0x8F, 0xF9, 0xFF, 0xFF, 0xFF, 0xFF, 0x1F, 0xFC,
  0x00, 0x00, 0x00, 0x00, 0x3F, 0xFE, 0x00, 0x00, 0x00, 0x00, 0x7F, 0xFE,
  0x00, 0x00, 0x00, 0x00, 0x7F, 0xFE, 0x00, 0x00, 0x00, 0x00, 0x7F, 0xFE,
  0x00, 0x00, 0x00, 0x00, 0x7F, 0xFE, 0x00, 0x00, 0x00, 0x00, 0x7F, 0xFE,
  0x00, 0x00, 0x00, 0x00, 0x7F, 0xFE, 0x00, 0x00, 0x00, 0x00, 0x7F, 0xFE,
  0x00, 0x00, 0x00, 0x00, 0x7F, 0xFE, 0x00, 0x00, 0x00, 0x00, 0x7F, 0xFE,
  0x00, 0x00, 0x00, 0x00, 0x7F, 0xFE, 0x00, 0x00, 0x00, 0x00, 0x7F, 0xFE,
  0x00, 0x00, 0x00, 0x00, 0x7F, 0xFE, 0x00, 0x00, 0x00, 0x00, 0x7F, 0xFE,
  0x00, 0x00, 0x00, 0x00, 0x7F, 0xFE, 0x00, 0x00, 0x00, 0x00, 0x7F, 0xFE,
  0x00, 0x00, 0x00, 0x00, 0x7F, 0xFE, 0x00, 0x00, 0x00, 0x00, 0x7F, 0xFE,
  0x00, 0x00, 0x00, 0x00, 0x7F, 0xFE, 0x00, 0x00, 0x00, 0x00, 0x7F, 0xFE,
  0x00, 0x00, 0x00, 0x00, 0x7F, 0xFE, 0x00, 0x00, 0x00, 0x00, 0x7F, 0xFE,
  0x00, 0x00, 0x00, 0x00, 0x7F, 0xFE, 0x00, 0x00, 0x00, 0x00, 0x7F, 0xFE,
  0x00, 0x00, 0x00, 0x00, 0x7F, 0xFE, 0x00, 0x00, 0x00, 0x00, 0x7F, 0xFE,
  0x00, 0x00, 0x00, 0x00, 0x7F, 0xFC, 0x00, 0x00, 0x00, 0x00, 0x3F, 0xF8,
  0x00, 0x00, 0x00, 0x00, 0x1F, 0xF0, 0x00, 0x00, 0x00, 0x00, 0x0F, 0xC0,
  0x00, 0x00, 0x00, 0x00, 0x07, 0x00, 0x00, 0x00, 0x00, 0x00, 0x00, 0x00,
  0x00, 0x00, 0x00, 0x00, 0x00, 0xC0, 0x00, 0x00, 0x00, 0x00, 0x07, 0xF0,
  0x00, 0x00, 0x00, 0x00, 0x0F, 0xF8, 0x00, 0x00, 0x00, 0x00, 0x1F, 0xFC,
  0x00, 0x00, 0x00, 0x00, 0x3F, 0xFE, 0x00, 0x00, 0x06, 0x00, 0x7F, 0xFE,
  0x00, 0x00, 0x07, 0x00, 0x7F, 0xFE, 0x00, 0x00, 0x07, 0x00, 0x7F, 0xFE,
  0x00, 0x00, 0x07, 0x80, 0x7F, 0xFE, 0x00, 0x00, 0x07, 0x80, 0x7F, 0xFE,
  0x00, 0x00, 0x07, 0xC0, 0x7F, 0xFE, 0x00, 0x00, 0x07, 0xE0, 0x7F, 0xFE,
  0x00, 0x00, 0x07, 0xE0, 0x7F, 0xFE, 0x00, 0x00, 0x07, 0xF0, 0x7F, 0xFE,
  0x00, 0x00, 0x07, 0xF0, 0x7F, 0xFE, 0x00, 0x00, 0x07, 0xF8, 0x7F, 0xFE,
  0x00, 0x00, 0x07, 0xFC, 0x7F, 0xFE, 0x00, 0x00, 0x03, 0xFC, 0x7F, 0xFE,
  0x00, 0x00, 0x03, 0xFE, 0x7F, 0xFE, 0x00, 0x00, 0x01, 0xFE, 0x7F, 0xFE,
  0x00, 0x00, 0x01, 0xFE, 0x7F, 0xFE, 0x00, 0x00, 0x00, 0xFE, 0x7F, 0xFE,
  0x00, 0x00, 0x00, 0x7E, 0x7F, 0xFE, 0x00, 0x00, 0x00, 0x7E, 0x7F, 0xFE,
  0x00, 0x00, 0x00, 0x3E, 0x7F, 0xFE, 0x00, 0x00, 0x00, 0x3E, 0x7F, 0xFE,
  0x00, 0x00, 0x00, 0x1E, 0x7F, 0xFE, 0x00, 0x00, 0x00, 0x0E, 0x7F, 0xFE,
  0x00, 0x00, 0x00, 0x0E, 0x7F, 0xFE, 0x00, 0x00, 0x00, 0x06, 0x7F, 0xFE,
  0x00, 0x00, 0x00, 0x00, 0x7F, 0xFC, 0x00, 0x00, 0x00, 0x00, 0x3F, 0xF9,
  0xFF, 0xFF, 0xFF, 0xFF, 0x1F, 0xF3, 0xFF, 0xFF, 0xFF, 0xFF, 0x8F, 0x67,
  0xFF, 0xFF, 0xFF, 0xFF, 0xC6, 0x0F, 0xFF, 0xFF, 0xFF, 0xFF, 0xE0, 0x1F,
  0xFF, 0xFF, 0xFF, 0xFF, 0xF0, 0x0F, 0xFF, 0xFF, 0xFF, 0xFF, 0xF0, 0x07,
  0xFF, 0xFF, 0xFF, 0xFF, 0xE0, 0x07, 0xFF, 0xFF, 0xFF, 0xFF, 0xE0, 0x0F,
  0xFF, 0xFF, 0xFF, 0xFF, 0xF0, 0x1F, 0xFF, 0xFF, 0xFF, 0xFF, 0xF0, 0x0F,
  0xFF, 0xFF, 0xFF, 0xFF, 0xE0, 0x67, 0xFF, 0xFF, 0xFF, 0xFF, 0xC6, 0xF3,
  0xFF, 0xFF, 0xFF, 0xFF, 0x8F, 0xF9, 0xFF, 0xFF, 0xFF, 0xFF, 0x1F, 0xFC,
  0x00, 0x00, 0x00, 0x00, 0x3F, 0xFE, 0x00, 0x00, 0x00, 0x00, 0x7F, 0xFE,
  0x00, 0x00, 0x00, 0x00, 0x7F, 0xFE, 0x00, 0x00, 0x00, 0x00, 0x7F, 0xFE,
  0x00, 0x00, 0x00, 0x00, 0x7F, 0xFE, 0x00, 0x00, 0x00, 0x00, 0x7F, 0xFE,
  0x00, 0x00, 0x00, 0x00, 0x7F, 0xFE, 0x00, 0x00, 0x00, 0x00, 0x7F, 0xFE,
  0x00, 0x00, 0x00, 0x00, 0x7F, 0xFE, 0x00, 0x00, 0x00, 0x00, 0x7F, 0xFE,
  0x00, 0x00, 0x00, 0x00, 0x7F, 0xFE, 0x00, 0x00, 0x00, 0x00, 0x7F, 0xFE,
  0x00, 0x00, 0x00, 0x00, 0x7F, 0xFE, 0x00, 0x00, 0x00, 0x00, 0x7F, 0xFE,
  0x00, 0x00, 0x00, 0x00, 0x7F, 0xFE, 0x00, 0x00, 0x00, 0x00, 0x7F, 0xFE,
  0x00, 0x00, 0x00, 0x00, 0x7F, 0xFE, 0x00, 0x00, 0x00, 0x00, 0x7F, 0xFE,
  0x00, 0x00, 0x00, 0x00, 0x7F, 0xFE, 0x00, 0x00, 0x00, 0x00, 0x7F, 0xFE,
  0x00, 0x00, 0x00, 0x00, 0x7F, 0xFE, 0x00, 0x00, 0x00, 0x00, 0x7F, 0xFE,
  0x00, 0x00, 0x00, 0x00, 0x7F, 0xFE, 0x00, 0x00, 0x00, 0x00, 0x7F, 0xFE,
  0x00, 0x00, 0x00, 0x00, 0x7F, 0xFE, 0x00, 0x00, 0x00, 0x00, 0x7F, 0xFE,
  0x00, 0x00, 0x00, 0x00, 0x7F, 0xFC, 0x00, 0x00, 0x00, 0x00, 0x3F, 0xF9,
  0xFF, 0xF8, 0x1F, 0xFF, 0x9F, 0xF3, 0xFF, 0xF8, 0x3F, 0xFF, 0xCF, 0xC7,
  0xFF, 0xFC, 0x3F, 0xFF, 0xE7, 0x0F, 0xFF, 0xFE, 0x7F, 0xFF, 0xF0, 0x0F,
  0xFF, 0xFE, 0x7F, 0xFF, 0xF0, 0xC7, 0xFF, 0xFC, 0x3F, 0xFF, 0xE0, 0xF3,
  0xFF, 0xF8, 0x3F, 0xFF, 0xC0, 0xF9, 0xFF, 0xF8, 0x1F, 0xFF, 0x80, 0xFC,
  0x00, 0x00, 0x00, 0x00, 0x00, 0xFE, 0x00, 0x00, 0x06, 0x00, 0x00, 0xFE,
  0x00, 0x00, 0x07, 0x00, 0x00, 0xFE, 0x00, 0x00, 0x07, 0x00, 0x00, 0xFE,
  0x00, 0x00, 0x07, 0x80, 0x00, 0xFE, 0x00, 0x00, 0x07, 0x80, 0x00, 0xFE,
  0x00, 0x00, 0x07, 0xC0, 0x00, 0xFE, 0x00, 0x00, 0x07, 0xE0, 0x00, 0xFE,
  0x00, 0x00, 0x07, 0xE0, 0x00, 0xFE, 0x00, 0x00, 0x07, 0xF0, 0x00, 0xFE,
  0x00, 0x00, 0x07, 0xF0, 0x00, 0xFE, 0x00, 0x00, 0x07, 0xF8, 0x00, 0xFE,
  0x00, 0x00, 0x07, 0xFC, 0x00, 0xFE, 0x00, 0x00, 0x03, 0xFC, 0x00, 0xFE,
  0x00, 0x00, 0x03, 0xFE, 0x00, 0xFE, 0x00, 0x00, 0x01, 0xFE, 0x00, 0xFE,
  0x00, 0x00, 0x01, 0xFE, 0x00, 0xFE, 0x00, 0x00, 0x00, 0xFE, 0x00, 0xFE,
  0x00, 0x00, 0x00, 0x7E, 0x00, 0xFE, 0x00, 0x00, 0x00, 0x7E, 0x00, 0xFE,
  0x00, 0x00, 0x00, 0x3E, 0x00, 0xFE, 0x00, 0x00, 0x00, 0x3E, 0x00, 0xFE,
  0x00, 0x00, 0x00, 0x1E, 0x00, 0xFE, 0x00, 0x00, 0x00, 0x0E, 0x00, 0xFE,
  0x00, 0x00, 0x00, 0x0E, 0x00, 0xFE, 0x00, 0x00, 0x00, 0x06, 0x00, 0xFE,
  0x00, 0x00, 0x00, 0x00, 0x00, 0xFC, 0x00, 0x00, 0x00, 0x00, 0x00, 0xF8,
  0x00, 0x00, 0x00, 0x00, 0x00, 0xF0, 0x00, 0x00, 0x00, 0x00, 0x00, 0x60,
  0x00, 0x00, 0x00, 0x00, 0x00, 0x07, 0xFF, 0xFF, 0xFF, 0xFF, 0xE0, 0x0F,
  0xFF, 0xFF, 0xFF, 0xFF, 0xF0, 0x1F, 0xFF, 0xFF, 0xFF, 0xFF, 0xF0, 0x0F,
  0xFF, 0xFF, 0xFF, 0xFF, 0xE0, 0x67, 0xFF, 0xFF, 0xFF, 0xFF, 0xC0, 0xF3,
  0xFF, 0xFF, 0xFF, 0xFF, 0x80, 0xF9, 0xFF, 0xFF, 0xFF, 0xFF, 0x00, 0xFC,
  0x00, 0x00, 0x00, 0x00, 0x00, 0xFE, 0x00, 0x00, 0x00, 0x00, 0x00, 0xFE,
  0x60, 0x00, 0x00, 0x00, 0x00, 0xFE, 0x70, 0x00, 0x00, 0x00, 0x00, 0xFE,
  0x70, 0x00, 0x00, 0x00, 0x00, 0xFE, 0x78, 0x00, 0x00, 0x00, 0x00, 0xFE,
  0x78, 0x00, 0x00, 0x00, 0x00, 0xFE, 0x7C, 0x00, 0x00, 0x00, 0x00, 0xFE,
  0x7C, 0x00, 0x00, 0x00, 0x00, 0xFE, 0x7E, 0x00, 0x00, 0x00, 0x00, 0xFE,
  0x7F, 0x00, 0x00, 0x00, 0x00, 0xFE, 0x7F, 0x00, 0x00, 0x00, 0x00, 0xFE,
  0x7F, 0x80, 0x00, 0x00, 0x00, 0xFE, 0x7F, 0x80, 0x00, 0x00, 0x00, 0xFE,
  0x3F, 0xC0, 0x00, 0x00, 0x00, 0xFE, 0x3F, 0xC0, 0x00, 0x00, 0x00, 0xFE,
  0x1F, 0xE0, 0x00, 0x00, 0x00, 0xFE, 0x1F, 0xE0, 0x00, 0x00, 0x00, 0xFE,
  0x0F, 0xE0, 0x00, 0x00, 0x00, 0xFE, 0x0F, 0xE0, 0x00, 0x00, 0x00, 0xFE,
  0x07, 0xE0, 0x00, 0x00, 0x00, 0xFE, 0x03, 0xE0, 0x00, 0x00, 0x00, 0xFE,
  0x03, 0xE0, 0x00, 0x00, 0x00, 0xFE, 0x01, 0xE0, 0x00, 0x00, 0x00, 0xFE,
  0x01, 0xE0, 0x00, 0x00, 0x00, 0xFE, 0x00, 0xE0, 0x00, 0x00, 0x00, 0xFE,
  0x00, 0xE0, 0x00, 0x00, 0x00, 0xFC, 0x00, 0x00, 0x00, 0x00, 0x00, 0xF9,
  0xFF, 0xF8, 0x1F, 0xFF, 0x80, 0xF3, 0xFF, 0xF8, 0x3F, 0xFF, 0xC0, 0xC7,
  0xFF, 0xFC, 0x3F, 0xFF, 0xE0, 0x0F, 0xFF, 0xFE, 0x7F, 0xFF, 0xF0, 0x0F,
  0xFF, 0xFE, 0x7F, 0xFF, 0xF0, 0x07, 0xFF, 0xFC, 0x3F, 0xFF, 0xE7, 0x03,
  0xFF, 0xF8, 0x3F, 0xFF, 0xCF, 0x01, 0xFF, 0xF8, 0x1F, 0xFF, 0x9F, 0x00,
  0x00, 0x00, 0x00, 0x00, 0x3F, 0x00, 0x00, 0x00, 0x06, 0x00, 0x7F, 0x00,
  0x00, 0x00, 0x07, 0x00, 0x7F, 0x00, 0x00, 0x00, 0x07, 0x00, 0x7F, 0x00,
  0x00, 0x00, 0x07, 0x80, 0x7F, 0x00, 0x00, 0x00, 0x07, 0x80, 0x7F, 0x00,
  0x00, 0x00, 0x07, 0xC0, 0x7F, 0x00, 0x00, 0x00, 0x07, 0xE0, 0x7F, 0x00,
  0x00, 0x00, 0x07, 0xE0, 0x7F, 0x00, 0x00, 0x00, 0x07, 0xF0, 0x7F, 0x00,
  0x00, 0x00, 0x07, 0xF0, 0x7F, 0x00, 0x00, 0x00, 0x07, 0xF8, 0x7F, 0x00,
  0x00, 0x00, 0x07, 0xFC, 0x7F, 0x00, 0x00, 0x00, 0x03, 0xFC, 0x7F, 0x00,
  0x00, 0x00, 0x03, 0xFE, 0x7F, 0x00, 0x00, 0x00, 0x01, 0xFE, 0x7F, 0x00,
  0x00, 0x00, 0x01, 0xFE, 0x7F, 0x00, 0x00, 0x00, 0x00, 0xFE, 0x7F, 0x00,
  0x00, 0x00, 0x00, 0x7E, 0x7F, 0x00, 0x00, 0x00, 0x00, 0x7E, 0x7F, 0x00,
  0x00, 0x00, 0x00, 0x3E, 0x7F, 0x00, 0x00, 0x00, 0x00, 0x3E, 0x7F, 0x00,
  0x00, 0x00, 0x00, 0x1E, 0x7F, 0x00, 0x00, 0x00, 0x00, 0x0E, 0x7F, 0x00,
  0x00, 0x00, 0x00, 0x0E, 0x7F, 0x00, 0x00, 0x00, 0x00, 0x06, 0x7F, 0x00,
  0x00, 0x00, 0x00, 0x00, 0x7F, 0x00, 0x00, 0x00, 0x00, 0x00, 0x3F, 0x01,
  0xFF, 0xFF, 0xFF, 0xFF, 0x1F, 0x03, 0xFF, 0xFF, 0xFF, 0xFF, 0x8F, 0x07,
  0xFF, 0xFF, 0xFF, 0xFF, 0xC6, 0x0F, 0xFF, 0xFF, 0xFF, 0xFF, 0xE0, 0x1F,
  0xFF, 0xFF, 0xFF, 0xFF, 0xF0, 0x0F, 0xFF, 0xFF, 0xFF, 0xFF, 0xF0, 0x07,
  0xFF, 0xFF, 0xFF, 0xFF, 0xE0, 0x3F, 0xFF, 0xFF, 0xFF, 0xFF, 0x3F, 0xFF,
  0xFF, 0xFF, 0xFF, 0xFF, 0xFF, 0xFF, 0xFF, 0xFF, 0xEF, 0xFF, 0xFF, 0xFF,
  0xFF, 0xE3, 0xFF, 0xFF, 0xFF, 0xFF, 0xE0, 0xFF, 0xFF, 0xFF, 0xFF, 0xE0,
  0x3F, 0xFF, 0xFF, 0xFF, 0xE0, 0x00, 0x00, 0x00, 0x00, 0x00, 0x00, 0x00,
  0x00, 0x00, 0x00, 0x00, 0x00, 0x3F, 0x80, 0x00, 0x00, 0x00, 0x1F, 0xC0,
  0x00, 0x00, 0x00, 0x0F, 0xE0, 0x00, 0x00, 0x00, 0x07, 0xF0, 0x00, 0x00,
  0x00, 0x03, 0xF8, 0x00, 0x00, 0x00, 0x01, 0xFC, 0x00, 0x00, 0x00, 0x00,
  0xFE, 0x00, 0x00, 0x00, 0x00, 0x7F, 0x00, 0x00, 0x00, 0x00, 0x3F, 0x80,
  0x00, 0x00, 0x00, 0x1F, 0xC0, 0x00, 0x00, 0x00, 0x0F, 0xE0, 0x00, 0x00,
  0x00, 0x07, 0xF0, 0x00, 0x00, 0x00, 0x03, 0xF8, 0x00, 0x00, 0x00, 0x01,
  0xFC, 0x00, 0x00, 0x00, 0x00, 0xFE, 0x00, 0x00, 0x00, 0x00, 0x7F, 0x00,
  0x00, 0x00, 0x00, 0x3F, 0x80, 0x00, 0x00, 0x00, 0x1F, 0xC0, 0x00, 0x00,
  0x00, 0x0F, 0xE0, 0x00, 0x00, 0x00, 0x07, 0xF0, 0x00, 0x00, 0x00, 0x03,
  0xF8, 0x00, 0x00, 0x00, 0x01, 0xFC, 0x00, 0x00, 0x00, 0x00, 0xFE, 0x00,
  0x00, 0x00, 0x00, 0x3F, 0x00, 0x00, 0x00, 0x00, 0x0F, 0x00, 0x00, 0x00,
  0x00, 0x07, 0x00, 0x00, 0x00, 0x00, 0x01, 0x80, 0x00, 0x00, 0x00, 0x00,
  0x80, 0x00, 0x00, 0x00, 0x00, 0x00, 0x00, 0x00, 0x00, 0x00, 0x00, 0x00,
  0x00, 0x00, 0x00, 0x00, 0x00, 0x00, 0x00, 0x00, 0x00, 0x00, 0x00, 0x00,
  0x00, 0x04, 0x00, 0x00, 0x00, 0x00, 0x03, 0x00, 0x00, 0x00, 0x00, 0x03,
  0x80, 0x00, 0x00, 0x00, 0x01, 0xE0, 0x00, 0x00, 0x00, 0x01, 0xF8, 0x00,
  0x00, 0x00, 0x01, 0xFC, 0x00, 0x00, 0x00, 0x00, 0xFE, 0x00, 0x00, 0x00,
  0x00, 0x7F, 0x00, 0x00, 0x00, 0x00, 0x3F, 0x80, 0x00, 0x00, 0x00, 0x1F,
  0xC0, 0x00, 0x00, 0x00, 0x0F, 0xE0, 0x00, 0x00, 0x00, 0x07, 0xF0, 0x00,
  0x00, 0x00, 0x03, 0xF8, 0x00, 0x00, 0x00, 0x01, 0xFC, 0x00, 0x00, 0x00,
  0x00, 0xFE, 0x00, 0x00, 0x00, 0x00, 0x7F, 0x00, 0x00, 0x00, 0x00, 0x3F,
  0x80, 0x00, 0x00, 0x00, 0x1F, 0xC0, 0x00, 0x00, 0x00, 0x0F, 0xE0, 0x00,
  0x00, 0x00, 0x07, 0xF0, 0x00, 0x00, 0x00, 0x03, 0xF8, 0x00, 0x00, 0x00,
  0x01, 0xFC, 0x00, 0x00, 0x00, 0x00, 0xFE, 0x00, 0x00, 0x00, 0x00, 0x7F,
  0x00, 0x00, 0x00, 0x00, 0x3F, 0x80, 0x00, 0x00, 0x00, 0x1F, 0xC0, 0x00,
  0x00, 0x00, 0x0F, 0xE0, 0x00, 0x00, 0x00, 0x07, 0xF0, 0x00, 0x00, 0x60,
  0x00, 0x00, 0x00, 0x00, 0x06, 0xF0, 0x00, 0x00, 0x00, 0x00, 0x0F, 0xF8,
  0x00, 0x00, 0x00, 0x00, 0x1F, 0xFC, 0x00, 0x00, 0x00, 0x00, 0x3F, 0xFE,
  0x00, 0x00, 0x00, 0x00, 0x7F, 0xFE, 0x00, 0x00, 0x00, 0x00, 0x7F, 0xFE,
  0x00, 0x00, 0x00, 0x00, 0x7F, 0xFE, 0x00, 0x00, 0x00, 0x00, 0x7F, 0xFE,
  0x00, 0x00, 0x00, 0x00, 0x7F, 0xFE, 0x00, 0x00, 0x00, 0x00, 0x7F, 0xFE,
  0x00, 0x00, 0x00, 0x00, 0x7F, 0xFE, 0x00, 0x00, 0x00, 0x00, 0x7F, 0xFE,
  0x00, 0x00, 0x00, 0x00, 0x7F, 0xFE, 0x00, 0x00, 0x00, 0x00, 0x7F, 0xFE,
  0x00, 0x00, 0x00, 0x00, 0x7F, 0xFE, 0x00, 0x00, 0x00, 0x00, 0x7F, 0xFE,
  0x00, 0x00, 0x00, 0x00, 0x7F, 0xFE, 0x00, 0x00, 0x00, 0x00, 0x7F, 0xFE,
  0x00, 0x00, 0x00, 0x00, 0x7F, 0xFE, 0x00, 0x00, 0x00, 0x00, 0x7F, 0xFE,
  0x00, 0x00, 0x00, 0x00, 0x7F, 0xFE, 0x00, 0x00, 0x00, 0x00, 0x7F, 0xFE,
  0x00, 0x00, 0x00, 0x00, 0x7F, 0xFE, 0x00, 0x00, 0x00, 0x00, 0x7F, 0xFE,
  0x00, 0x00, 0x00, 0x00, 0x7F, 0xFE, 0x00, 0x00, 0x00, 0x00, 0x7F, 0xFE,
  0x00, 0x00, 0x00, 0x00, 0x7F, 0xFE, 0x00, 0x00, 0x00, 0x00, 0x7F, 0xFE,
  0x00, 0x00, 0x00, 0x00, 0x7F, 0xFE, 0x00, 0x00, 0x00, 0x00, 0x7F, 0xFC,
  0x00, 0x00, 0x00, 0x00, 0x3F, 0xF8, 0x00, 0x00, 0x00, 0x00, 0x1F, 0xF0,
  0x00, 0x00, 0x00, 0x00, 0x0F, 0xC0, 0x00, 0x00, 0x00, 0x00, 0x07, 0x00,
  0x00, 0x00, 0x00, 0x00, 0x00, 0x00, 0x00, 0x00, 0x00, 0x00, 0x00, 0xC0,
  0x00, 0x00, 0x00, 0x00, 0x07, 0xF0, 0x00, 0x00, 0x00, 0x00, 0x0F, 0xF8,
  0x00, 0x00, 0x00, 0x00, 0x1F, 0xFC, 0x00, 0x00, 0x00, 0x00, 0x3F, 0xFE,
  0x00, 0x00, 0x00, 0x00, 0x7F, 0xFE, 0x00, 0x00, 0x00, 0x00, 0x7F, 0xFE,
  0x00, 0x00, 0x00, 0x00, 0x7F, 0xFE, 0x00, 0x00, 0x00, 0x00, 0x7F, 0xFE,
  0x00, 0x00, 0x00, 0x00, 0x7F, 0xFE, 0x00, 0x00, 0x00, 0x00, 0x7F, 0xFE,
  0x00, 0x00, 0x00, 0x00, 0x7F, 0xFE, 0x00, 0x00, 0x00, 0x00, 0x7F, 0xFE,
  0x00, 0x00, 0x00, 0x00, 0x7F, 0xFE, 0x00, 0x00, 0x00, 0x00, 0x7F, 0xFE,
  0x00, 0x00, 0x00, 0x00, 0x7F, 0xFE, 0x00, 0x00, 0x00, 0x00, 0x7F, 0xFE,
  0x00, 0x00, 0x00, 0x00, 0x7F, 0xFE, 0x00, 0x00, 0x00, 0x00, 0x7F, 0xFE,
  0x00, 0x00, 0x00, 0x00, 0x7F, 0xFE, 0x00, 0x00, 0x00, 0x00, 0x7F, 0xFE,
  0x00, 0x00, 0x00, 0x00, 0x7F, 0xFE, 0x00, 0x00, 0x00, 0x00, 0x7F, 0xFE,
  0x00, 0x00, 0x00, 0x00, 0x7F, 0xFE, 0x00, 0x00, 0x00, 0x00, 0x7F, 0xFE,
  0x00, 0x00, 0x00, 0x00, 0x7F, 0xFE, 0x00, 0x00, 0x00, 0x00, 0x7F, 0xFE,
  0x00, 0x00, 0x00, 0x00, 0x7F, 0xFE, 0x00, 0x00, 0x00, 0x00, 0x7F, 0xFE,
  0x00, 0x00, 0x00, 0x00, 0x7F, 0xFE, 0x00, 0x00, 0x00, 0x00, 0x7F, 0xFC,
  0x00, 0x00, 0x00, 0x00, 0x3F, 0xF9, 0xFF, 0xFF, 0xFF, 0xFF, 0x1F, 0xF3,
  0xFF, 0xFF, 0xFF, 0xFF, 0x8F, 0x67, 0xFF, 0xFF, 0xFF, 0xFF, 0xC6, 0x0F,
  0xFF, 0xFF, 0xFF, 0xFF, 0xE0, 0x1F, 0xFF, 0xFF, 0xFF, 0xFF, 0xF0, 0x0F,
  0xFF, 0xFF, 0xFF, 0xFF, 0xF0, 0x07, 0xFF, 0xFF, 0xFF, 0xFF, 0xE0, 0x60,
  0x00, 0x00, 0x00, 0x01, 0xE0, 0x00, 0x00, 0x00, 0x03, 0xE0, 0x00, 0x00,
  0x00, 0x07, 0xE0, 0x00, 0x00, 0x00, 0x0F, 0xE0, 0x00, 0x00, 0x00, 0x1F,
  0xC0, 0x00, 0x00, 0x00, 0xFF, 0x80, 0x00, 0x00, 0x03, 0xFF, 0x00, 0x00,
  0x00, 0x07, 0xFE, 0x00, 0x00, 0x00, 0x1F, 0xFC, 0x00, 0x00, 0x00, 0x7F,
  0xF8, 0x00, 0x00, 0x00, 0xFF, 0xF0, 0x00, 0x00, 0x03, 0xFF, 0xE0, 0x00,
  0x00, 0x07, 0xFF, 0xC0, 0x00, 0x00, 0x1F, 0xFF, 0x80, 0x00, 0x00, 0x7F,
  0xFF, 0x00, 0x00, 0x00, 0xFF, 0xFE, 0x00, 0x00, 0x03, 0xFF, 0xFC, 0x00,
  0x00, 0x07, 0xFB, 0xF8, 0x00, 0x00, 0x1F, 0xF7, 0xF0, 0x00, 0x00, 0x3F,
  0xCF, 0xE0, 0x00, 0x00, 0x7F, 0x1F, 0xC0, 0x00, 0x00, 0xFE, 0x3F, 0x80,
  0x00, 0x01, 0xF8, 0x7F, 0x00, 0x00, 0x03, 0xF0, 0xFE, 0x00, 0x00, 0x07,
  0xC1, 0xFC, 0x00, 0x00, 0x0F, 0x83, 0xF8, 0x00, 0x00, 0x1E, 0x07, 0xF0,
  0x00, 0x00, 0x38, 0x0F, 0xE0, 0x00, 0x00, 0x70, 0x1F, 0xC0, 0x00, 0x00,
  0xC0, 0x3F, 0x00, 0x00, 0x00, 0x00, 0x7C, 0x00, 0x00, 0x00, 0x00, 0xF0,
  0x00, 0x00, 0x00, 0x01, 0x80, 0x00, 0x00, 0x00, 0x00, 0x00, 0x00, 0x00,
  0x00, 0x00, 0x00, 0x00, 0x00, 0x00, 0x0C, 0x00, 0x00, 0x00, 0x00, 0x1E,
  0x00, 0x00, 0x00, 0x00, 0x3E, 0x00, 0x00, 0x00, 0x00, 0x7E, 0x00, 0x00,
  0x00, 0x00, 0xFE, 0x00, 0xE0, 0x00, 0x01, 0xFC, 0x01, 0xC0, 0x00, 0x03,
  0xF8, 0x07, 0x80, 0x00, 0x07, 0xF0, 0x0F, 0x00, 0x00, 0x0F, 0xE0, 0x3E,
  0x00, 0x00, 0x1F, 0xC0, 0x7C, 0x00, 0x00, 0x3F, 0x81, 0xF8, 0x00, 0x00,
  0x7F, 0x07, 0xF0, 0x00, 0x00, 0xFE, 0x0F, 0xE0, 0x00, 0x01, 0xFC, 0x3F,
  0xC0, 0x00, 0x03, 0xF8, 0x7F, 0x80, 0x00, 0x07, 0xF1, 0xFE, 0x00, 0x00,
  0x0F, 0xE7, 0xFC, 0x00, 0x00, 0x1F, 0xCF, 0xF0, 0x00, 0x00, 0x3F, 0x9F,
  0xE0, 0x00, 0x00, 0x7F, 0x3F, 0x80, 0x00, 0x00, 0xFE, 0x7F, 0x00, 0x00,
  0x01, 0xFC, 0xFC, 0x00, 0x00, 0x03, 0xF9, 0xF0, 0x00, 0x00, 0x07, 0xF3,
  0xE0, 0x00, 0x00, 0x0F, 0xE7, 0x80, 0x00, 0x00, 0x1F, 0xCF, 0x00, 0x00,
  0x00, 0x3F, 0x9C, 0x00, 0x00, 0x00, 0x7F, 0x38, 0x00, 0x00, 0x00, 0xFE,
  0x60, 0x00, 0x00, 0x01, 0xFC, 0x00, 0x00, 0x00, 0x03, 0xF0, 0x00, 0x00,
  0x00, 0x07, 0xC0, 0x00, 0x00, 0x00, 0x0F, 0x00, 0x00, 0x00, 0x00, 0x0C,
  0x00, 0x00, 0x00, 0x00, 0x00, 0x60, 0x00, 0x00, 0x00, 0x00, 0x06, 0xF0,
  0x00, 0x00, 0x00, 0x00, 0x0F, 0xF8, 0x00, 0x00, 0x00, 0x00, 0x1F, 0xFC,
  0x00, 0x00, 0x00, 0x00, 0x3F, 0xFE, 0x00, 0x00, 0x00, 0x00, 0x7F, 0xFE,
  0x00, 0x0F, 0xE0, 0x00, 0x7F, 0xFE, 0x00, 0x0F, 0xE0, 0x00, 0x7F, 0xFE,
  0x00, 0x0F, 0xE0, 0x00, 0x7F, 0xFE, 0x00, 0x0F, 0xE0, 0x00, 0x7F, 0xFE,
  0x00, 0x0F, 0xE0, 0x00, 0x7F, 0xFE, 0x00, 0x0F, 0xE0, 0x00, 0x7F, 0xFE,
  0x00, 0x0F, 0xE0, 0x00, 0x7F, 0xFE, 0x00, 0x0F, 0xE0, 0x00, 0x7F, 0xFE,
  0x00, 0x0F, 0xE0, 0x00, 0x7F, 0xFE, 0x00, 0x0F, 0xE0, 0x00, 0x7F, 0xFE,
  0x00, 0x0F, 0xE0, 0x00, 0x7F, 0xFE, 0x00, 0x0F, 0xE0, 0x00, 0x7F, 0xFE,
  0x00, 0x0F, 0xE0, 0x00, 0x7F, 0xFE, 0x00, 0x0F, 0xE0, 0x00, 0x7F, 0xFE,
  0x00, 0x0F, 0xE0, 0x00, 0x7F, 0xFE, 0x00, 0x0F, 0xE0, 0x00, 0x7F, 0xFE,
  0x00, 0x0F, 0xE0, 0x00, 0x7F, 0xFE, 0x00, 0x0F, 0xE0, 0x00, 0x7F, 0xFE,
  0x00, 0x0F, 0xE0, 0x00, 0x7F, 0xFE, 0x00, 0x0F, 0xE0, 0x00, 0x7F, 0xFE,
  0x00, 0x0F, 0xE0, 0x00, 0x7F, 0xFE, 0x00, 0x0F, 0xE0, 0x00, 0x7F, 0xFE,
  0x00, 0x0F, 0xE0, 0x00, 0x7F, 0xFE, 0x00, 0x07, 0xE0, 0x00, 0x7F, 0xFE,
  0x00, 0x03, 0xC0, 0x00, 0x7F, 0xFC, 0x00, 0x03, 0x80, 0x00, 0x3F, 0xF8,
  0x00, 0x01, 0x80, 0x00, 0x1F, 0xF0, 0x00, 0x01, 0x00, 0x00, 0x0F, 0xC0,
  0x00, 0x00, 0x00, 0x00, 0x07, 0x00, 0x00, 0x00, 0x00, 0x00, 0x00, 0x00,
  0x00, 0x00, 0x00, 0x00, 0x00, 0xC0, 0x00, 0x00, 0x00, 0x00, 0x07, 0xF0,
  0x00, 0x00, 0x00, 0x00, 0x0F, 0xF8, 0x00, 0x00, 0x00, 0x00, 0x1F, 0xFC,
  0x00, 0x00, 0x00, 0x00, 0x3F, 0xFE, 0x00, 0xE0, 0x06, 0x00, 0x7F, 0xFE,
  0x00, 0xE0, 0x07, 0x00, 0x7F, 0xFE, 0x01, 0xE0, 0x07, 0x00, 0x7F, 0xFE,
  0x01, 0xE0, 0x07, 0x80, 0x7F, 0xFE, 0x03, 0xE0, 0x07, 0x80, 0x7F, 0xFE,
  0x03, 0xE0, 0x07, 0xC0, 0x7F, 0xFE, 0x07, 0xE0, 0x07, 0xE0, 0x7F, 0xFE,
  0x0F, 0xE0, 0x07, 0xE0, 0x7F, 0xFE, 0x0F, 0xE0, 0x07, 0xF0, 0x7F, 0xFE,
  0x1F, 0xE0, 0x07, 0xF0, 0x7F, 0xFE, 0x1F, 0xE0, 0x07, 0xF8, 0x7F, 0xFE,
  0x3F, 0xC0, 0x07, 0xFC, 0x7F, 0xFE, 0x7F, 0xC0, 0x03, 0xFC, 0x7F, 0xFE,
  0x7F, 0x80, 0x03, 0xFE, 0x7F, 0xFE, 0x7F, 0x80, 0x01, 0xFE, 0x7F, 0xFE,
  0x7F, 0x00, 0x01, 0xFE, 0x7F, 0xFE, 0x7F, 0x00, 0x00, 0xFE, 0x7F, 0xFE,
  0x7E, 0x00, 0x00, 0x7E, 0x7F, 0xFE, 0x7C, 0x00, 0x00, 0x7E, 0x7F, 0xFE,
  0x7C, 0x00, 0x00, 0x3E, 0x7F, 0xFE, 0x78, 0x00, 0x00, 0x3E, 0x7F, 0xFE,
  0x78, 0x00, 0x00, 0x1E, 0x7F, 0xFE, 0x70, 0x00, 0x00, 0x0E, 0x7F, 0xFE,
  0x70, 0x00, 0x00, 0x0E, 0x7F, 0xFE, 0x60, 0x00, 0x00, 0x06, 0x7F, 0xFE,
  0x00, 0x00, 0x00, 0x00, 0x7F, 0xFC, 0x00, 0x00, 0x00, 0x00, 0x3F, 0xF8,
  0x00, 0x00, 0x00, 0x00, 0x1F, 0xF0, 0x00, 0x00, 0x00, 0x00, 0x0F, 0x60,
  0x00, 0x00, 0x00, 0x00, 0x06, 0xC0, 0x00, 0x00, 0x0F, 0x80, 0x00, 0x00,
  0x7E, 0x00, 0x00, 0x01, 0xFC, 0x00, 0x00, 0x0F, 0xF0, 0x00, 0x00, 0x7F,
  0xE0, 0x00, 0x01, 0xFF, 0x80, 0x00, 0x0F, 0xFF, 0x00, 0x00, 0x3F, 0xFE,
  0x00, 0x01, 0xFF, 0xF8, 0x00, 0x0F, 0xFF, 0xF0, 0x00, 0x3F, 0xFF, 0xC0,
  0x01, 0xFF, 0x7F, 0x80, 0x07, 0xF9, 0xFE, 0x00, 0x3F, 0xE3, 0xFC, 0x00,
  0xFF, 0x0F, 0xF0, 0x03, 0xF8, 0x1F, 0xC0, 0x0F, 0xE0, 0x7F, 0x00, 0x3F,
  0x00, 0xFC, 0x00, 0xFC, 0x01, 0xF0, 0x03, 0xE0, 0x07, 0xC0, 0x0F, 0x80,
  0x0F, 0x00, 0x3C, 0x00, 0x3C, 0x00, 0xE0, 0x00, 0x70, 0x03, 0x80, 0x01,
  0xC0, 0x0C, 0x00, 0x00, 0x00, 0x00, 0x00, 0x00, 0x00, 0x00, 0x00, 0x00,
  0x00, 0x00, 0x00, 0x00, 0x00, 0x00, 0x00, 0x00, 0x00, 0x00, 0x00, 0x00,
  0x00, 0x00, 0x00, 0x00, 0x00, 0x00, 0x00, 0x00, 0x00, 0x00, 0x00, 0x00,
  0x00, 0x00, 0x00, 0x00, 0x00, 0x70, 0x03, 0x00, 0x01, 0xC0, 0x0E, 0x00,
  0x0F, 0x00, 0x38, 0x00, 0x3C, 0x00, 0xF0, 0x01, 0xF0, 0x03, 0xC0, 0x07,
  0xC0, 0x0F, 0x80, 0x3F, 0x00, 0x3F, 0x01, 0xFC, 0x00, 0xFC, 0x07, 0xF0,
  0x03, 0xF8, 0x3F, 0xC0, 0x0F, 0xE0, 0xFF, 0x00, 0x3F, 0xC7, 0xF8, 0x00,
  0xFF, 0xBF, 0xE0, 0x01, 0xFE, 0xFF, 0x00, 0x07, 0xFF, 0xFC, 0x00, 0x0F,
  0xFF, 0xE0, 0x00, 0x3F, 0xFF, 0x80, 0x00, 0x7F, 0xFC, 0x00, 0x00, 0xFF,
  0xE0, 0x00, 0x03, 0xFF, 0x80, 0x00, 0x07, 0xFC, 0x00, 0x00, 0x1F, 0xF0,
  0x00, 0x00, 0x3F, 0x80, 0x00, 0x00, 0x7E, 0x00, 0x00, 0x01, 0xF0, 0x00,
  0x00, 0x03, 0xC0, 0x00, 0x00, 0x0F, 0x80, 0x00, 0x00, 0x7E, 0x00, 0x00,
  0x01, 0xFC, 0x00, 0x00, 0x0F, 0xF0, 0x00, 0x00, 0x7F, 0xE0, 0x00, 0x01,
  0xFF, 0x80, 0x00, 0x0F, 0xFF, 0x00, 0x00, 0x3F, 0xFE, 0x00, 0x01, 0xFF,
  0xF8, 0x00, 0x0F, 0xFF, 0xF0, 0x00, 0x3F, 0xFF, 0xC0, 0x01, 0xFF, 0x7F,
  0x80, 0x07, 0xF9, 0xFE, 0x00, 0x3F, 0xE3, 0xFC, 0x00, 0xFF, 0x0F, 0xF0,
  0x03, 0xF8, 0x1F, 0xC0, 0x0F, 0xE0, 0x7F, 0x00, 0x3F, 0x00, 0xFC, 0x00,
  0xFC, 0x01, 0xF0, 0x03, 0xE0, 0x07, 0xC0, 0x0F, 0x80, 0x0F, 0x00, 0x3C,
  0x00, 0x3C, 0x00, 0xE0, 0x00, 0x70, 0x03, 0x80, 0x01, 0xC0, 0x0C, 0x00,
  0x00, 0x00, 0x00, 0x00, 0x00, 0x00, 0x00, 0x00, 0x00, 0x00, 0x00, 0x00,
  0x00, 0x00, 0x00, 0x00, 0x00, 0x00, 0x00, 0x00, 0x00, 0x00, 0x00, 0x00,
  0x00, 0x00, 0x00, 0x02, 0x00, 0x00, 0x00, 0x0C, 0x00, 0x00, 0x00, 0x70,
  0x00, 0x00, 0x01, 0xE0, 0x00, 0x00, 0x0F, 0xC0, 0x00, 0x00, 0x7F, 0x00,
  0x00, 0x01, 0xFC, 0x00, 0x00, 0x07, 0xF0, 0x00, 0x00, 0x1F, 0xC0, 0x00,
  0x00, 0x7F, 0x00, 0x00, 0x01, 0xFC, 0x00, 0x00, 0x07, 0xF0, 0x00, 0x00,
  0x1F, 0xC0, 0x00, 0x00, 0x7F, 0x00, 0x00, 0x01, 0xFC, 0x00, 0x00, 0x07,
  0xF0, 0x00, 0x00, 0x1F, 0xC0, 0x00, 0x00, 0x7F, 0x00, 0x00, 0x01, 0xFC,
  0x00, 0x00, 0x07, 0xF0, 0x00, 0x00, 0x1F, 0xC0, 0x00, 0x00, 0x7F, 0x00,
  0x00, 0x01, 0xFC, 0x00, 0x00, 0x07, 0xF0, 0x00, 0x00, 0x1F, 0xC0, 0x00,
  0x00, 0x7F, 0x00, 0x00, 0x01, 0xFC, 0x00, 0x00, 0x07, 0xF0, 0x00, 0x3F,
  0xFF, 0xFF, 0xFF, 0xFF, 0x3F, 0xFF, 0xFF, 0xFF, 0xFF, 0xFF, 0xFF, 0xFF,
  0xFF, 0xFF, 0xEF, 0xFF, 0xFF, 0xFF, 0xFF, 0xE3, 0xFF, 0xFF, 0xFF, 0xFF,
  0xE0, 0xFF, 0xFF, 0xFF, 0xFF, 0xE0, 0x3F, 0xFF, 0xFF, 0xFF, 0xE0, 0x00,
  0x00, 0x00, 0x00, 0x00, 0x00, 0x00, 0x00, 0x00, 0x00, 0x00, 0x00, 0x00,
  0x00, 0x18, 0x00, 0x00, 0x00, 0x00, 0x1C, 0x00, 0x00, 0x00, 0x00, 0x0E,
  0x00, 0x00, 0x00, 0x00, 0x0F, 0x00, 0x00, 0x00, 0x00, 0x0F, 0x80, 0x00,
  0x00, 0x00, 0x07, 0xC0, 0x00, 0x00, 0x00, 0x07, 0xE0, 0x00, 0x00, 0x00,
  0x03, 0xF0, 0x00, 0x00, 0x00, 0x03, 0xF8, 0x00, 0x00, 0x00, 0x03, 0xFC,
  0x00, 0x00, 0x00, 0x01, 0xFE, 0x00, 0x00, 0x00, 0x01, 0xFF, 0x00, 0x00,
  0x00, 0x00, 0xFF, 0x00, 0x00, 0x00, 0x00, 0xFF, 0x80, 0x00, 0x00, 0x00,
  0x7F, 0x80, 0x00, 0x00, 0x00, 0x3F, 0x80, 0x00, 0x00, 0x00, 0x1F, 0xC0,
  0x00, 0x00, 0x00, 0x0F, 0xC0, 0x00, 0x00, 0x00, 0x07, 0xE0, 0x00, 0x00,
  0x00, 0x03, 0xE0, 0x00, 0x00, 0x00, 0x01, 0xF0, 0x00, 0x00, 0x00, 0x00,
  0xF0, 0x00, 0x00, 0x00, 0x00, 0x70, 0x00, 0x00, 0x00, 0x00, 0x38, 0x00,
  0x00, 0x00, 0x00, 0x18, 0x00, 0x00, 0x00, 0x00, 0x00, 0x00, 0x00, 0x00,
  0x00, 0x00, 0x00, 0x00, 0x00, 0x00, 0x00, 0x00, 0x00, 0x00, 0x00, 0x00,
  0x00, 0x00, 0x00, 0x00, 0x00, 0x00, 0x00, 0x00, 0x00, 0x00, 0x00, 0x00,
  0x00, 0x00, 0x00, 0x00, 0x00, 0x00, 0x00, 0x00, 0x00, 0x00, 0x00, 0x00,
  0x00, 0x00, 0x00, 0x00, 0x00, 0x00, 0x00, 0x00, 0x00, 0x00, 0x70, 0x00,
  0x00, 0x00, 0x00, 0x38, 0x00, 0x00, 0x00, 0x00, 0x3C, 0x00, 0x00, 0x00,
  0x00, 0x1E, 0x00, 0x00, 0x00, 0x00, 0x1F, 0x00, 0x00, 0x00, 0x00, 0x0F,
  0x80, 0x00, 0x00, 0x00, 0x0F, 0xC0, 0x00, 0x00, 0x00, 0x0F, 0xE0, 0x00,
  0x00, 0x00, 0x07, 0xF0, 0x00, 0x00, 0x00, 0x07, 0xF8, 0x00, 0x00, 0x00,
  0x03, 0xFC, 0x00, 0x00, 0x00, 0x03, 0xFC, 0x00, 0x00, 0x00, 0x03, 0xFE,
  0x00, 0x00, 0x00, 0x01, 0xFE, 0x00, 0x00, 0x00, 0x00, 0xFF, 0x00, 0x00,
  0x00, 0x00, 0x7F, 0x00, 0x00, 0x00, 0x00, 0x3F, 0x80, 0x00, 0x00, 0x00,
  0x1F, 0x80, 0x00, 0x00, 0x00, 0x0F, 0x80, 0x00, 0x00, 0x00, 0x07, 0xC0,
  0x00, 0x00, 0x00, 0x03, 0xC0, 0x00, 0x00, 0x00, 0x01, 0xE0, 0x00, 0x00,
  0x00, 0x00, 0xE0, 0x00, 0x00, 0x00, 0x00, 0x70, 0x00, 0x00, 0x00, 0x00,
  0x30, 0x00, 0x00, 0x00, 0x00, 0x00, 0x00, 0x00, 0x00, 0x00, 0x00, 0x00,
  0x00, 0x00, 0x00, 0x1F, 0xFF, 0xFF, 0xFF, 0xF0, 0x1F, 0xFF, 0xFF, 0xFF,
  0xFC, 0x1F, 0xFF, 0xFF, 0xFF, 0xFF, 0x1F, 0xFF, 0xFF, 0xFF, 0xFF, 0xDF,
  0xFF, 0xFF, 0xFF, 0xFF, 0xF7, 0xFF, 0xFF, 0xFF, 0xFF, 0xF9, 0xFF, 0xFF,
  0xFF, 0xFF, 0xF8, 0xFF, 0xFF, 0xFF, 0xFF, 0xFF, 0xFF, 0xFF, 0xFF, 0xC0,
  0x00, 0x7E, 0x00, 0x03, 0xF0, 0x00, 0x1F, 0x80, 0x00, 0xFC, 0x00, 0x07,
  0xE0, 0x00, 0x3F, 0x00, 0x01, 0xF8, 0x00, 0x0F, 0xC0, 0x00, 0x7E, 0x00,
  0x03, 0xF0, 0x00, 0x1F, 0x80, 0x00, 0xFC, 0x00, 0x07, 0xE0, 0x00, 0x3F,
  0x00, 0x01, 0xF8, 0x00, 0x0F, 0xC0, 0x00, 0x7E, 0x00, 0x03, 0xF0, 0x00,
  0x1F, 0x80, 0x00, 0xFC, 0x00, 0x07, 0xE0, 0x00, 0x3F, 0x00, 0x01, 0xF8,
  0x00, 0x0F, 0xC0, 0x00, 0x7E, 0x00, 0x03, 0xF0, 0x00, 0x1F, 0x80, 0x00,
  0xFC, 0x00, 0x07, 0xE0, 0x00, 0x3F, 0x00, 0x01, 0xF8, 0x00, 0x0F, 0xC0,
  0x00, 0x7E, 0x00, 0x03, 0xF0, 0x00, 0x1F, 0x80, 0x00, 0xFC, 0x00, 0x07,
  0xE0, 0x00, 0x3F, 0x00, 0x01, 0xF8, 0x00, 0x0F, 0xC0, 0x00, 0x7E, 0x00,
  0x03, 0xF0, 0x00, 0x1F, 0x80, 0x00, 0xFC, 0x00, 0x07, 0xE0, 0x00, 0x3F,
  0xFF, 0xFF, 0xFF, 0xFF, 0xFF, 0xFF, 0xFF, 0xF0, 0xC0, 0x00, 0x00, 0x03,
  0x80, 0x00, 0x00, 0x0E, 0x00, 0x00, 0x00, 0x3C, 0x00, 0x00, 0x00, 0xF0,
  0x00, 0x00, 0x03, 0xE0, 0x00, 0x00, 0x0F, 0x80, 0x00, 0x00, 0x3F, 0x00,
  0x00, 0x00, 0xFE, 0x00, 0x00, 0x03, 0xF8, 0x00, 0x00, 0x0F, 0xF0, 0x00,
  0x00, 0x3F, 0xC0, 0x00, 0x00, 0x7F, 0x80, 0x00, 0x01, 0xFE, 0x00, 0x00,
  0x03, 0xFC, 0x00, 0x00, 0x0F, 0xF0, 0x00, 0x00, 0x1F, 0xC0, 0x00, 0x00,
  0x7F, 0x00, 0x00, 0x00, 0xFC, 0x00, 0x00, 0x01, 0xF0, 0x00, 0x00, 0x07,
  0xC0, 0x00, 0x00, 0x0F, 0x00, 0x00, 0x00, 0x3C, 0x00, 0x00, 0x00, 0x70,
  0x00, 0x00, 0x01, 0xC0, 0x00, 0x00, 0x00, 0x00, 0x00, 0x00, 0x00, 0x00,
  0x00, 0x00, 0x00, 0x00, 0x00, 0x00, 0x00, 0x00, 0x00, 0x00, 0x00, 0x00,
  0x00, 0x00, 0x00, 0x00, 0x00, 0x00, 0x00, 0x00, 0x00, 0x00, 0x00, 0x00,
  0x00, 0x00, 0x00, 0x00, 0x00, 0x00, 0x00, 0x00, 0x00, 0x03, 0x00, 0x00,
  0x00, 0x0E, 0x00, 0x00, 0x00, 0x38, 0x00, 0x00, 0x00, 0xF0, 0x00, 0x00,
  0x03, 0xC0, 0x00, 0x00, 0x0F, 0x80, 0x00, 0x00, 0x3F, 0x00, 0x00, 0x00,
  0xFC, 0x00, 0x00, 0x03, 0xF8, 0x00, 0x00, 0x0F, 0xE0, 0x00, 0x00, 0x3F,
  0xC0, 0x00, 0x00, 0xFF, 0x80, 0x00, 0x01, 0xFE, 0x00, 0x00, 0x07, 0xFC,
  0x00, 0x00, 0x0F, 0xF0, 0x00, 0x00, 0x3F, 0xC0, 0x00, 0x00, 0x7F, 0x00,
  0x00, 0x00, 0xFC, 0x00, 0x00, 0x03, 0xF0, 0x00, 0x00, 0x07, 0xC0, 0x00,
  0x00, 0x1F, 0x00, 0x00, 0x00, 0x3C, 0x00, 0x00, 0x00, 0x70, 0x00, 0x00,
  0x01, 0xC0, 0x00, 0x00, 0x03, 0xFF, 0xFF, 0xFF, 0xFF, 0xFF, 0xFF, 0xFF,
  0xFF, 0xC0, 0x00, 0x7E, 0x00, 0x03, 0xF0, 0x00, 0x1F, 0x80, 0x00, 0xFC,
  0x00, 0x07, 0xE0, 0x00, 0x3F, 0x00, 0x01, 0xF8, 0x00, 0x0F, 0xC0, 0x00,
  0x7E, 0x00, 0x03, 0xF0, 0x00, 0x1F, 0x80, 0x00, 0xFC, 0x00, 0x07, 0xE0,
  0x00, 0x3F, 0x00, 0x01, 0xF8, 0x00, 0x0F, 0xC0, 0x00, 0x7E, 0x00, 0x03,
  0xF0, 0x00, 0x1F, 0x80, 0x00, 0xFC, 0x00, 0x07, 0xE0, 0x00, 0x3F, 0x00,
  0x01, 0xF8, 0x00, 0x0F, 0xC0, 0x00, 0x7E, 0x00, 0x03, 0xF0, 0x00, 0x1F,
  0x80, 0x00, 0xFC, 0x00, 0x07, 0xE0, 0x00, 0x3F, 0x00, 0x01, 0xF8, 0x00,
  0x0F, 0xC0, 0x00, 0x7E, 0x00, 0x03, 0xF0, 0x00, 0x1F, 0x80, 0x00, 0xFC,
  0x00, 0x07, 0xE0, 0x00, 0x3F, 0x00, 0x01, 0xF8, 0x00, 0x0F, 0xC0, 0x00,
  0x7E, 0x00, 0x03, 0xF0, 0x00, 0x1F, 0x80, 0x00, 0xFC, 0x00, 0x07, 0xE0,
  0x00, 0x3F, 0xFF, 0xFF, 0xFF, 0xFF, 0xFF, 0xFF, 0xFF, 0xF0, 0x60, 0x00,
  0x1E, 0x00, 0x03, 0xE0, 0x00, 0x7E, 0x00, 0x0F, 0xE0, 0x01, 0xFC, 0xC0,
  0x3F, 0x9C, 0x07, 0xF3, 0x80, 0xFE, 0x78, 0x1F, 0xCF, 0x03, 0xF9, 0xF0,
  0x7F, 0x3E, 0x0F, 0xE7, 0xE1, 0xFC, 0xFE, 0x3F, 0x9F, 0xC7, 0xF3, 0xFC,
  0xFE, 0x7F, 0x9F, 0xC7, 0xFB, 0xF8, 0xFF, 0x7F, 0x0F, 0xFF, 0xE1, 0xFF,
  0xFC, 0x1F, 0xFF, 0x83, 0xFF, 0xF0, 0x3F, 0xFE, 0x03, 0xFF, 0xC0, 0x7F,
  0xF8, 0x07, 0xFF, 0x00, 0xFF, 0xE0, 0x0F, 0xFC, 0x01, 0xFF, 0x00, 0x07,
  0xC0, 0x00, 0xF0, 0x00, 0x18, 0x00, 0x00, 0x0F, 0xFF, 0xFF, 0xFF, 0xF8,
  0x0F, 0xFF, 0xFF, 0xFF, 0xFE, 0x0F, 0xFF, 0xFF, 0xFF, 0xFF, 0x8F, 0xFF,
  0xFF, 0xFF, 0xFF, 0xEF, 0xFF, 0xFF, 0xFF, 0xFF, 0xFB, 0xFF, 0xFF, 0xFF,
  0xFF, 0xFC, 0xFF, 0xFF, 0xFF, 0xFF, 0xFC, 0xC0, 0x38, 0x0E, 0x03, 0xC0,
  0xF0, 0x3E, 0x0F, 0x83, 0xF0, 0xFE, 0x3F, 0x8F, 0xF3, 0xFC, 0x7F, 0x9F,
  0xE3, 0xFC, 0xFF, 0x1F, 0xC7, 0xF0, 0xFC, 0x1F, 0x07, 0xC0, 0xF0, 0x3C,
  0x07, 0x01, 0xC0, 0x07, 0xFF, 0xFF, 0xFF, 0xFF, 0xE0, 0x0F, 0xFF, 0xFF,
  0xFF, 0xFF, 0xF0, 0x1F, 0xFF, 0xFF, 0xFF, 0xFF, 0xF0, 0x0F, 0xFF, 0xFF,
  0xFF, 0xFF, 0xE0, 0x67, 0xFF, 0xFF, 0xFF, 0xFF, 0xC6, 0xF3, 0xFF, 0xFF,
  0xFF, 0xFF, 0x8F, 0xF9, 0xFF, 0xFF, 0xFF, 0xFF, 0x1F, 0xFC, 0x00, 0x00,
  0x00, 0x00, 0x3F, 0xFE, 0x00, 0x00, 0x00, 0x00, 0x7F, 0xFE, 0x00, 0x00,
  0x00, 0x00, 0x7F, 0xFE, 0x00, 0x00, 0x00, 0x00, 0x7F, 0xFE, 0x00, 0x00,
  0x00, 0x00, 0x7F, 0xFE, 0x00, 0x00, 0x00, 0x00, 0x7F, 0xFE, 0x00, 0x00,
  0x00, 0x00, 0x7F, 0xFE, 0x00, 0x00, 0x00, 0x00, 0x7F, 0xFE, 0x00, 0x00,
  0x00, 0x00, 0x7F, 0xFE, 0x00, 0x00, 0x00, 0x00, 0x7F, 0xFE, 0x00, 0x00,
  0x00, 0x00, 0x7F, 0xFE, 0x00, 0x00, 0x00, 0x00, 0x7F, 0xFE, 0x00, 0x00,
  0x00, 0x00, 0x7F, 0xFE, 0x00, 0x00, 0x00, 0x00, 0x7F, 0xFE, 0x00, 0x00,
  0x00, 0x00, 0x7F, 0xFE, 0x00, 0x00, 0x00, 0x00, 0x7F, 0xFE, 0x00, 0x00,
  0x00, 0x00, 0x7F, 0xFE, 0x00, 0x00, 0x00, 0x00, 0x7F, 0xFE, 0x00, 0x00,
  0x00, 0x00, 0x7F, 0xFE, 0x00, 0x00, 0x00, 0x00, 0x7F, 0xFE, 0x00, 0x00,
  0x00, 0x00, 0x7F, 0xFE, 0x00, 0x00, 0x00, 0x00, 0x7F, 0xFE, 0x00, 0x00,
  0x00, 0x00, 0x7F, 0xFE, 0x00, 0x00, 0x00, 0x00, 0x7F, 0xFE, 0x00, 0x00,
  0x00, 0x00, 0x7F, 0xFE, 0x00, 0x00, 0x00, 0x00, 0x7F, 0xFE, 0x00, 0x00,
  0x00, 0x00, 0x7F, 0xFC, 0x00, 0x00, 0x00, 0x00, 0x3F, 0xF9, 0xFF, 0xF8,
  0x1F, 0xFF, 0x9F, 0xF3, 0xFF, 0xF8, 0x3F, 0xFF, 0xCF, 0xC7, 0xFF, 0xFC,
  0x3F, 0xFF, 0xE7, 0x0F, 0xFF, 0xFE, 0x7F, 0xFF, 0xF0, 0x0F, 0xFF, 0xFE,
  0x7F, 0xFF, 0xF0, 0xC7, 0xFF, 0xFC, 0x3F, 0xFF, 0xE7, 0xF3, 0xFF, 0xF8,
  0x3F, 0xFF, 0xCF, 0xF9, 0xFF, 0xF8, 0x1F, 0xFF, 0x9F, 0xFC, 0x00, 0x00,
  0x00, 0x00, 0x3F, 0xFE, 0x00, 0x00, 0x00, 0x00, 0x7F, 0xFE, 0x00, 0x00,
  0x00, 0x00, 0x7F, 0xFE, 0x00, 0x00, 0x00, 0x00, 0x7F, 0xFE, 0x00, 0x00,
  0x00, 0x00, 0x7F, 0xFE, 0x00, 0x00, 0x00, 0x00, 0x7F, 0xFE, 0x00, 0x00,
  0x00, 0x00, 0x7F, 0xFE, 0x00, 0x00, 0x00, 0x00, 0x7F, 0xFE, 0x00, 0x00,
  0x00, 0x00, 0x7F, 0xFE, 0x00, 0x00, 0x00, 0x00, 0x7F, 0xFE, 0x00, 0x00,
  0x00, 0x00, 0x7F, 0xFE, 0x00, 0x00, 0x00, 0x00, 0x7F, 0xFE, 0x00, 0x00,
  0x00, 0x00, 0x7F, 0xFE, 0x00, 0x00, 0x00, 0x00, 0x7F, 0xFE, 0x00, 0x00,
  0x00, 0x00, 0x7F, 0xFE, 0x00, 0x00, 0x00, 0x00, 0x7F, 0xFE, 0x00, 0x00,
  0x00, 0x00, 0x7F, 0xFE, 0x00, 0x00, 0x00, 0x00, 0x7F, 0xFE, 0x00, 0x00,
  0x00, 0x00, 0x7F, 0xFE, 0x00, 0x00, 0x00, 0x00, 0x7F, 0xFE, 0x00, 0x00,
  0x00, 0x00, 0x7F, 0xFE, 0x00, 0x00, 0x00, 0x00, 0x7F, 0xFE, 0x00, 0x00,
  0x00, 0x00, 0x7F, 0xFE, 0x00, 0x00, 0x00, 0x00, 0x7F, 0xFE, 0x00, 0x00,
  0x00, 0x00, 0x7F, 0xFE, 0x00, 0x00, 0x00, 0x00, 0x7F, 0xFE, 0x00, 0x00,
  0x00, 0x00, 0x7F, 0xFC, 0x00, 0x00, 0x00, 0x00, 0x3F, 0xF8, 0x00, 0x00,
  0x00, 0x00, 0x1F, 0xF0, 0x00, 0x00, 0x00, 0x00, 0x0F, 0x60, 0x00, 0x00,
  0x00, 0x00, 0x06, 0x3F, 0xFF, 0xFF, 0xFF, 0xFF, 0x03, 0xFF, 0xFF, 0xFF,
  0xFF, 0xFC, 0x3F, 0xFF, 0xFF, 0xFF, 0xFF, 0xE0, 0xFF, 0xFF, 0xFF, 0xFF,
  0xFE, 0x03, 0xFF, 0xFF, 0xFF, 0xFF, 0xE3, 0x0F, 0xFF, 0xFF, 0xFF, 0xFE,
  0x3C, 0x3F, 0xFF, 0xFF, 0xFF, 0xE3, 0xE0, 0x00, 0x00, 0x00, 0x00, 0x3F,
  0x00, 0x00, 0x00, 0x00, 0x03, 0xF8, 0x00, 0x03, 0xF8, 0x00, 0x1F, 0xC0,
  0x00, 0x1F, 0xC0, 0x00, 0xFE, 0x00, 0x00, 0xFE, 0x00, 0x07, 0xF0, 0x00,
  0x07, 0xF0, 0x00, 0x3F, 0x80, 0x00, 0x3F, 0x80, 0x01, 0xFC, 0x00, 0x01,
  0xFC, 0x00, 0x0F, 0xE0, 0x00, 0x0F, 0xE0, 0x00, 0x7F, 0x00, 0x00, 0x7F,
  0x00, 0x03, 0xF8, 0x00, 0x03, 0xF8, 0x00, 0x1F, 0xC0, 0x00, 0x1F, 0xC0,
  0x00, 0xFE, 0x00, 0x00, 0xFE, 0x00, 0x07, 0xF0, 0x00, 0x07, 0xF0, 0x00,
  0x3F, 0x80, 0x00, 0x3F, 0x80, 0x01, 0xFC, 0x00, 0x01, 0xFC, 0x00, 0x0F,
  0xE0, 0x00, 0x0F, 0xE0, 0x00, 0x7F, 0x00, 0x00, 0x7F, 0x00, 0x03, 0xF8,
  0x00, 0x03, 0xF8, 0x00, 0x1F, 0xC0, 0x00, 0x1F, 0xC0, 0x00, 0xFE, 0x00,
  0x00, 0xFE, 0x00, 0x07, 0xF0, 0x00, 0x07, 0xF0, 0x00, 0x3F, 0x80, 0x00,
  0x3F, 0x80, 0x01, 0xFC, 0x00, 0x01, 0xFC, 0x00, 0x0F, 0xE0, 0x00, 0x0F,
  0xE0, 0x00, 0x7F, 0x00, 0x00, 0x3F, 0x00, 0x03, 0xF8, 0x00, 0x00, 0xF0,
  0x00, 0x1F, 0xC0, 0x00, 0x07, 0x00, 0x00, 0x7E, 0x00, 0x00, 0x19, 0xFF,
  0xF9, 0xF0, 0x00, 0x00, 0x9F, 0xFF, 0xE7, 0x80, 0x00, 0x00, 0xFF, 0xFF,
  0x9C, 0x00, 0x00, 0x0F, 0xFF, 0xFE, 0x00, 0x00, 0x00, 0x7F, 0xFF, 0xF0,
  0x00, 0x00, 0x01, 0xFF, 0xFF, 0x38, 0x00, 0x00, 0x4F, 0xFF, 0xF3, 0xC0,
  0x00, 0x03, 0x3F, 0xFF, 0x3E, 0x00, 0x00, 0x38, 0x00, 0x03, 0xF0, 0x00,
  0x01, 0xE0, 0x00, 0x3F, 0x80, 0x00, 0x1F, 0x80, 0x01, 0xFC, 0x00, 0x01,
  0xFC, 0x00, 0x0F, 0xE0, 0x00, 0x0F, 0xE0, 0x00, 0x7F, 0x00, 0x00, 0x7F,
  0x00, 0x03, 0xF8, 0x00, 0x03, 0xF8, 0x00, 0x1F, 0xC0, 0x00, 0x1F, 0xC0,
  0x00, 0xFE, 0x00, 0x00, 0xFE, 0x00, 0x07, 0xF0, 0x00, 0x07, 0xF0, 0x00,
  0x3F, 0x80, 0x00, 0x3F, 0x80, 0x01, 0xFC, 0x00, 0x01, 0xFC, 0x00, 0x0F,
  0xE0, 0x00, 0x0F, 0xE0, 0x00, 0x7F, 0x00, 0x00, 0x7F, 0x00, 0x03, 0xF8,
  0x00, 0x03, 0xF8, 0x00, 0x1F, 0xC0, 0x00, 0x1F, 0xC0, 0x00, 0xFE, 0x00,
  0x00, 0xFE, 0x00, 0x07, 0xF0, 0x00, 0x07, 0xF0, 0x00, 0x3F, 0x80, 0x00,
  0x3F, 0x80, 0x01, 0xFC, 0x00, 0x01, 0xFC, 0x00, 0x0F, 0xE0, 0x00, 0x0F,
  0xE0, 0x00, 0x7F, 0x00, 0x00, 0x7F, 0x00, 0x03, 0xF8, 0x00, 0x03, 0xF8,
  0x00, 0x1F, 0xC0, 0x00, 0x1F, 0xC0, 0x00, 0xFE, 0x00, 0x00, 0xFE, 0x00,
  0x07, 0xF0, 0x00, 0x07, 0xF0, 0x00, 0x3F, 0x80, 0x00, 0x00, 0x00, 0x01,
  0xFC, 0x00, 0x00, 0x00, 0x00, 0x07, 0xE1, 0xFF, 0xFF, 0xFF, 0xFF, 0x1F,
  0x1F, 0xFF, 0xFF, 0xFF, 0xFC, 0x79, 0xFF, 0xFF, 0xFF, 0xFF, 0xF1, 0x9F,
  0xFF, 0xFF, 0xFF, 0xFF, 0xC1, 0xFF, 0xFF, 0xFF, 0xFF, 0xFF, 0x07, 0xFF,
  0xFF, 0xFF, 0xFF, 0xF8, 0x1F, 0xFF, 0xFF, 0xFF, 0xFF, 0x80, 0x07, 0xFF,
  0xFF, 0xFF, 0xFF, 0xE0, 0xFF, 0xFF, 0xFF, 0xFF, 0xFF, 0x1F, 0xFF, 0xFF,
  0xFF, 0xFF, 0xF0, 0xFF, 0xFF, 0xFF, 0xFF, 0xFE, 0x67, 0xFF, 0xFF, 0xFF,
  0xFF, 0xCF, 0x3F, 0xFF, 0xFF, 0xFF, 0xF8, 0xF9, 0xFF, 0xFF, 0xFF, 0xFF,
  0x0F, 0xC0, 0x00, 0x00, 0x00, 0x00, 0xFE, 0x00, 0x00, 0x00, 0x00, 0x0F,
  0xE0, 0x00, 0x00, 0x00, 0x00, 0xFE, 0x00, 0x00, 0x00, 0x00, 0x0F, 0xE0,
  0x00, 0x00, 0x00, 0x00, 0xFE, 0x00, 0x00, 0x00, 0x00, 0x0F, 0xE0, 0x00,
  0x00, 0x00, 0x00, 0xFE, 0x00, 0x00, 0x00, 0x00, 0x0F, 0xE0, 0x00, 0x00,
  0x00, 0x00, 0xFE, 0x00, 0x00, 0x00, 0x00, 0x0F, 0xE0, 0x00, 0x00, 0x00,
  0x00, 0xFE, 0x00, 0x00, 0x00, 0x00, 0x0F, 0xE0, 0x00, 0x00, 0x00, 0x00,
  0xFE, 0x00, 0x00, 0x00, 0x00, 0x0F, 0xE0, 0x00, 0x00, 0x00, 0x00, 0xFE,
  0x00, 0x00, 0x00, 0x00, 0x0F, 0xE0, 0x00, 0x00, 0x00, 0x00, 0xFE, 0x00,
  0x00, 0x00, 0x00, 0x0F, 0xE0, 0x00, 0x00, 0x00, 0x00, 0xFE, 0x00, 0x00,
  0x00, 0x00, 0x0F, 0xE0, 0x00, 0x00, 0x00, 0x00, 0xFE, 0x00, 0x00, 0x00,
  0x00, 0x0F, 0xE0, 0x00, 0x00, 0x00, 0x00, 0xFE, 0x00, 0x00, 0x00, 0x00,
  0x0F, 0xE0, 0x00, 0x00, 0x00, 0x00, 0xFE, 0x00, 0x00, 0x00, 0x00, 0x0F,
  0xE0, 0x00, 0x00, 0x00, 0x00, 0xFC, 0x00, 0x00, 0x00, 0x00, 0x0F, 0x80,
  0x00, 0x00, 0x00, 0x00, 0xF0, 0x00, 0x00, 0x00, 0x00, 0x0C, 0x00, 0x00,
  0x00, 0x00, 0x00, 0x00, 0x00, 0x00, 0x00, 0x00, 0x00, 0x00, 0x00, 0x00,
  0x00, 0x00, 0xC0, 0x00, 0x00, 0x00, 0x00, 0x0F, 0x00, 0x00, 0x00, 0x00,
  0x00, 0xF8, 0x00, 0x00, 0x00, 0x00, 0x0F, 0xC0, 0x00, 0x00, 0x00, 0x00,
  0xFE, 0x00, 0x00, 0x00, 0x00, 0x0F, 0xE0, 0x00, 0x00, 0x00, 0x00, 0xFE,
  0x00, 0x00, 0x00, 0x00, 0x0F, 0xE0, 0x00, 0x00, 0x00, 0x00, 0xFE, 0x00,
  0x00, 0x00, 0x00, 0x0F, 0xE0, 0x00, 0x00, 0x00, 0x00, 0xFE, 0x00, 0x00,
  0x00, 0x00, 0x0F, 0xE0, 0x00, 0x00, 0x00, 0x00, 0xFE, 0x00, 0x00, 0x00,
  0x00, 0x0F, 0xE0, 0x00, 0x00, 0x00, 0x00, 0xFE, 0x00, 0x00, 0x00, 0x00,
  0x0F, 0xE0, 0x00, 0x00, 0x00, 0x00, 0xFE, 0x00, 0x00, 0x00, 0x00, 0x0F,
  0xE0, 0x00, 0x00, 0x00, 0x00, 0xFE, 0x00, 0x00, 0x00, 0x00, 0x0F, 0xE0,
  0x00, 0x00, 0x00, 0x00, 0xFE, 0x00, 0x00, 0x00, 0x00, 0x0F, 0xE0, 0x00,
  0x00, 0x00, 0x00, 0xFE, 0x00, 0x00, 0x00, 0x00, 0x0F, 0xE0, 0x00, 0x00,
  0x00, 0x00, 0xFE, 0x00, 0x00, 0x00, 0x00, 0x0F, 0xE0, 0x00, 0x00, 0x00,
  0x00, 0xFE, 0x00, 0x00, 0x00, 0x00, 0x0F, 0xE0, 0x00, 0x00, 0x00, 0x00,
  0xFE, 0x00, 0x00, 0x00, 0x00, 0x0F, 0xE0, 0x00, 0x00, 0x00, 0x00, 0xFC,
  0x00, 0x00, 0x00, 0x00, 0x0F, 0x9F, 0xFF, 0xFF, 0xFF, 0xF0, 0xF3, 0xFF,
  0xFF, 0xFF, 0xFF, 0x86, 0x7F, 0xFF, 0xFF, 0xFF, 0xFC, 0x0F, 0xFF, 0xFF,
  0xFF, 0xFF, 0xE1, 0xFF, 0xFF, 0xFF, 0xFF, 0xFF, 0x0F, 0xFF, 0xFF, 0xFF,
  0xFF, 0xF0, 0x7F, 0xFF, 0xFF, 0xFF, 0xFE, 0x3F, 0xFF, 0xFF, 0xFF, 0xFF,
  0x03, 0xFF, 0xFF, 0xFF, 0xFF, 0xFC, 0x3F, 0xFF, 0xFF, 0xFF, 0xFF, 0xE0,
  0xFF, 0xFF, 0xFF, 0xFF, 0xFE, 0x03, 0xFF, 0xFF, 0xFF, 0xFF, 0xE3, 0x0F,
  0xFF, 0xFF, 0xFF, 0xFE, 0x3C, 0x3F, 0xFF, 0xFF, 0xFF, 0xE3, 0xE0, 0x00,
  0x00, 0x00, 0x00, 0x3F, 0x00, 0x00, 0x00, 0x00, 0x03, 0xF8, 0x00, 0x03,
  0xF8, 0x00, 0x1F, 0xC0, 0x00, 0x1F, 0xC0, 0x00, 0xFE, 0x00, 0x00, 0xFE,
  0x00, 0x07, 0xF0, 0x00, 0x07, 0xF0, 0x00, 0x3F, 0x80, 0x00, 0x3F, 0x80,
  0x01, 0xFC, 0x00, 0x01, 0xFC, 0x00, 0x0F, 0xE0, 0x00, 0x0F, 0xE0, 0x00,
  0x7F, 0x00, 0x00, 0x7F, 0x00, 0x03, 0xF8, 0x00, 0x03, 0xF8, 0x00, 0x1F,
  0xC0, 0x00, 0x1F, 0xC0, 0x00, 0xFE, 0x00, 0x00, 0xFE, 0x00, 0x07, 0xF0,
  0x00, 0x07, 0xF0, 0x00, 0x3F, 0x80, 0x00, 0x3F, 0x80, 0x01, 0xFC, 0x00,
  0x01, 0xFC, 0x00, 0x0F, 0xE0, 0x00, 0x0F, 0xE0, 0x00, 0x7F, 0x00, 0x00,
  0x7F, 0x00, 0x03, 0xF8, 0x00, 0x03, 0xF8, 0x00, 0x1F, 0xC0, 0x00, 0x1F,
  0xC0, 0x00, 0xFE, 0x00, 0x00, 0xFE, 0x00, 0x07, 0xF0, 0x00, 0x07, 0xF0,
  0x00, 0x3F, 0x80, 0x00, 0x3F, 0x80, 0x01, 0xFC, 0x00, 0x01, 0xFC, 0x00,
  0x0F, 0xE0, 0x00, 0x0F, 0xE0, 0x00, 0x7F, 0x00, 0x00, 0x3F, 0x00, 0x03,
  0xF8, 0x00, 0x00, 0xF0, 0x00, 0x1F, 0xC0, 0x00, 0x07, 0x00, 0x00, 0x7E,
  0x00, 0x00, 0x18, 0x00, 0x01, 0xF0, 0x00, 0x00, 0x80, 0x00, 0x07, 0x80,
  0x00, 0x00, 0x00, 0x00, 0x1C, 0x00, 0x00, 0x00, 0x00, 0x00, 0x00, 0x00,
  0x00, 0x00, 0x00, 0x00, 0x00, 0x00, 0x00, 0x00, 0x00, 0x38, 0x00, 0x00,
  0x40, 0x00, 0x03, 0xC0, 0x00, 0x03, 0x00, 0x00, 0x3E, 0x00, 0x00, 0x38,
  0x00, 0x03, 0xF0, 0x00, 0x01, 0xE0, 0x00, 0x3F, 0x80, 0x00, 0x1F, 0x80,
  0x01, 0xFC, 0x00, 0x01, 0xFC, 0x00, 0x0F, 0xE0, 0x00, 0x0F, 0xE0, 0x00,
  0x7F, 0x00, 0x00, 0x7F, 0x00, 0x03, 0xF8, 0x00, 0x03, 0xF8, 0x00, 0x1F,
  0xC0, 0x00, 0x1F, 0xC0, 0x00, 0xFE, 0x00, 0x00, 0xFE, 0x00, 0x07, 0xF0,
  0x00, 0x07, 0xF0, 0x00, 0x3F, 0x80, 0x00, 0x3F, 0x80, 0x01, 0xFC, 0x00,
  0x01, 0xFC, 0x00, 0x0F, 0xE0, 0x00, 0x0F, 0xE0, 0x00, 0x7F, 0x00, 0x00,
  0x7F, 0x00, 0x03, 0xF8, 0x00, 0x03, 0xF8, 0x00, 0x1F, 0xC0, 0x00, 0x1F,
  0xC0, 0x00, 0xFE, 0x00, 0x00, 0xFE, 0x00, 0x07, 0xF0, 0x00, 0x07, 0xF0,
  0x00, 0x3F, 0x80, 0x00, 0x3F, 0x80, 0x01, 0xFC, 0x00, 0x01, 0xFC, 0x00,
  0x0F, 0xE0, 0x00, 0x0F, 0xE0, 0x00, 0x7F, 0x00, 0x00, 0x7F, 0x00, 0x03,
  0xF8, 0x00, 0x03, 0xF8, 0x00, 0x1F, 0xC0, 0x00, 0x1F, 0xC0, 0x00, 0xFE,
  0x00, 0x00, 0xFE, 0x00, 0x07, 0xF0, 0x00, 0x07, 0xF0, 0x00, 0x3F, 0x80,
  0x00, 0x00, 0x00, 0x01, 0xFC, 0x00, 0x00, 0x00, 0x00, 0x07, 0xE1, 0xFF,
  0xFF, 0xFF, 0xFF, 0x1F, 0x1F, 0xFF, 0xFF, 0xFF, 0xFC, 0x79, 0xFF, 0xFF,
  0xFF, 0xFF, 0xF1, 0x9F, 0xFF, 0xFF, 0xFF, 0xFF, 0xC1, 0xFF, 0xFF, 0xFF,
  0xFF, 0xFF, 0x07, 0xFF, 0xFF, 0xFF, 0xFF, 0xF8, 0x1F, 0xFF, 0xFF, 0xFF,
  0xFF, 0x80, 0x07, 0xFF, 0xFF, 0xFF, 0xFF, 0xE0, 0xFF, 0xFF, 0xFF, 0xFF,
  0xFF, 0x1F, 0xFF, 0xFF, 0xFF, 0xFF, 0xF0, 0xFF, 0xFF, 0xFF, 0xFF, 0xFE,
  0x67, 0xFF, 0xFF, 0xFF, 0xFF, 0xCF, 0x3F, 0xFF, 0xFF, 0xFF, 0xF8, 0xF9,
  0xFF, 0xFF, 0xFF, 0xFF, 0x0F, 0xC0, 0x00, 0x00, 0x00, 0x00, 0xFE, 0x00,
  0x00, 0x00, 0x00, 0x0F, 0xE0, 0x00, 0x00, 0x00, 0x00, 0xFE, 0x00, 0x00,
  0x00, 0x00, 0x0F, 0xE0, 0x00, 0x00, 0x00, 0x00, 0xFE, 0x00, 0x00, 0x00,
  0x00, 0x0F, 0xE0, 0x00, 0x00, 0x00, 0x00, 0xFE, 0x00, 0x00, 0x00, 0x00,
  0x0F, 0xE0, 0x00, 0x00, 0x00, 0x00, 0xFE, 0x00, 0x00, 0x00, 0x00, 0x0F,
  0xE0, 0x00, 0x00, 0x00, 0x00, 0xFE, 0x00, 0x00, 0x00, 0x00, 0x0F, 0xE0,
  0x00, 0x00, 0x00, 0x00, 0xFE, 0x00, 0x00, 0x00, 0x00, 0x0F, 0xE0, 0x00,
  0x00, 0x00, 0x00, 0xFE, 0x00, 0x00, 0x00, 0x00, 0x0F, 0xE0, 0x00, 0x00,
  0x00, 0x00, 0xFE, 0x00, 0x00, 0x00, 0x00, 0x0F, 0xE0, 0x00, 0x00, 0x00,
  0x00, 0xFE, 0x00, 0x00, 0x00, 0x00, 0x0F, 0xE0, 0x00, 0x00, 0x00, 0x00,
  0xFE, 0x00, 0x00, 0x00, 0x00, 0x0F, 0xE0, 0x00, 0x00, 0x00, 0x00, 0xFE,
  0x00, 0x00, 0x00, 0x00, 0x0F, 0xE0, 0x00, 0x00, 0x00, 0x00, 0xFE, 0x00,
  0x00, 0x00, 0x00, 0x0F, 0xE0, 0x00, 0x00, 0x00, 0x00, 0xFC, 0x00, 0x00,
  0x00, 0x00, 0x0F, 0x9F, 0xFF, 0x81, 0xFF, 0xF8, 0xF3, 0xFF, 0xF8, 0x3F,
  0xFF, 0xCC, 0x7F, 0xFF, 0xC3, 0xFF, 0xFE, 0x0F, 0xFF, 0xFE, 0x7F, 0xFF,
  0xF0, 0xFF, 0xFF, 0xE7, 0xFF, 0xFF, 0xC7, 0xFF, 0xFC, 0x3F, 0xFF, 0xEF,
  0x3F, 0xFF, 0x83, 0xFF, 0xFC, 0xF9, 0xFF, 0xF8, 0x1F, 0xFF, 0x8F, 0xC0,
  0x00, 0x00, 0x00, 0x00, 0xFE, 0x00, 0x00, 0x00, 0x00, 0x0F, 0xE0, 0x00,
  0x00, 0x00, 0x00, 0xFE, 0x00, 0x00, 0x00, 0x00, 0x0F, 0xE0, 0x00, 0x00,
  0x00, 0x00, 0xFE, 0x00, 0x00, 0x00, 0x00, 0x0F, 0xE0, 0x00, 0x00, 0x00,
  0x00, 0xFE, 0x00, 0x00, 0x00, 0x00, 0x0F, 0xE0, 0x00, 0x00, 0x00, 0x00,
  0xFE, 0x00, 0x00, 0x00, 0x00, 0x0F, 0xE0, 0x00, 0x00, 0x00, 0x00, 0xFE,
  0x00, 0x00, 0x00, 0x00, 0x0F, 0xE0, 0x00, 0x00, 0x00, 0x00, 0xFE, 0x00,
  0x00, 0x00, 0x00, 0x0F, 0xE0, 0x00, 0x00, 0x00, 0x00, 0xFE, 0x00, 0x00,
  0x00, 0x00, 0x0F, 0xE0, 0x00, 0x00, 0x00, 0x00, 0xFE, 0x00, 0x00, 0x00,
  0x00, 0x0F, 0xE0, 0x00, 0x00, 0x00, 0x00, 0xFE, 0x00, 0x00, 0x00, 0x00,
  0x0F, 0xE0, 0x00, 0x00, 0x00, 0x00, 0xFE, 0x00, 0x00, 0x00, 0x00, 0x0F,
  0xE0, 0x00, 0x00, 0x00, 0x00, 0xFE, 0x00, 0x00, 0x00, 0x00, 0x0F, 0xE0,
  0x00, 0x00, 0x00, 0x00, 0xFE, 0x00, 0x00, 0x00, 0x00, 0x0F, 0xE0, 0x00,
  0x00, 0x00, 0x00, 0xFC, 0x00, 0x00, 0x00, 0x00, 0x0F, 0x9F, 0xFF, 0xFF,
  0xFF, 0xF0, 0xF3, 0xFF, 0xFF, 0xFF, 0xFF, 0x86, 0x7F, 0xFF, 0xFF, 0xFF,
  0xFC, 0x0F, 0xFF, 0xFF, 0xFF, 0xFF, 0xE1, 0xFF, 0xFF, 0xFF, 0xFF, 0xFF,
  0x0F, 0xFF, 0xFF, 0xFF, 0xFF, 0xF0, 0x7F, 0xFF, 0xFF, 0xFF, 0xFE, 0x07,
  0xFF, 0xFF, 0xFF, 0xFF, 0xE0, 0xFF, 0xFF, 0xFF, 0xFF, 0xFF, 0x1F, 0xFF,
  0xFF, 0xFF, 0xFF, 0xF0, 0xFF, 0xFF, 0xFF, 0xFF, 0xFE, 0x67, 0xFF, 0xFF,
  0xFF, 0xFF, 0xCF, 0x3F, 0xFF, 0xFF, 0xFF, 0xF8, 0xF9, 0xFF, 0xFF, 0xFF,
  0xFF, 0x0F, 0xC0, 0x00, 0x00, 0x00, 0x00, 0xFE, 0x00, 0x00, 0x00, 0x00,
  0x0F, 0xE0, 0x00, 0x00, 0x00, 0x00, 0xFE, 0x00, 0x00, 0x00, 0x00, 0x0F,
  0xE0, 0x00, 0x00, 0x00, 0x00, 0xFE, 0x00, 0x00, 0x00, 0x00, 0x0F, 0xE0,
  0x00, 0x00, 0x00, 0x00, 0xFE, 0x00, 0x00, 0x00, 0x00, 0x0F, 0xE0, 0x00,
  0x00, 0x00, 0x00, 0xFE, 0x00, 0x00, 0x00, 0x00, 0x0F, 0xE0, 0x00, 0x00,
  0x00, 0x00, 0xFE, 0x00, 0x00, 0x00, 0x00, 0x0F, 0xE0, 0x00, 0x00, 0x00,
  0x00, 0xFE, 0x00, 0x00, 0x00, 0x00, 0x0F, 0xE0, 0x00, 0x00, 0x00, 0x00,
  0xFE, 0x00, 0x00, 0x00, 0x00, 0x0F, 0xE0, 0x00, 0x00, 0x00, 0x00, 0xFE,
  0x00, 0x00, 0x00, 0x00, 0x0F, 0xE0, 0x00, 0x00, 0x00, 0x00, 0xFE, 0x00,
  0x00, 0x00, 0x00, 0x0F, 0xE0, 0x00, 0x00, 0x00, 0x00, 0xFE, 0x00, 0x00,
  0x00, 0x00, 0x0F, 0xE0, 0x00, 0x00, 0x00, 0x00, 0xFE, 0x00, 0x00, 0x00,
  0x00, 0x0F, 0xE0, 0x00, 0x00, 0x00, 0x00, 0xFE, 0x00, 0x00, 0x00, 0x00,
  0x0F, 0xE0, 0x00, 0x00, 0x00, 0x00, 0xFC, 0x00, 0x00, 0x00, 0x00, 0x0F,
  0x9F, 0xFF, 0x81, 0xFF, 0xF8, 0xF3, 0xFF, 0xF8, 0x3F, 0xFF, 0xCC, 0x7F,
  0xFF, 0xC3, 0xFF, 0xFE, 0x0F, 0xFF, 0xFE, 0x7F, 0xFF, 0xF0, 0xFF, 0xFF,
  0xE7, 0xFF, 0xFF, 0xC7, 0xFF, 0xFC, 0x3F, 0xFF, 0xEF, 0x3F, 0xFF, 0x83,
  0xFF, 0xFC, 0xF9, 0xFF, 0xF8, 0x1F, 0xFF, 0x8F, 0xC0, 0x00, 0x00, 0x00,
  0x00, 0xFE, 0x00, 0x00, 0x00, 0x00, 0x0F, 0xE0, 0x00, 0x00, 0x00, 0x00,
  0xFE, 0x00, 0x00, 0x00, 0x00, 0x0F, 0xE0, 0x00, 0x00, 0x00, 0x00, 0xFE,
  0x00, 0x00, 0x00, 0x00, 0x0F, 0xE0, 0x00, 0x00, 0x00, 0x00, 0xFE, 0x00,
  0x00, 0x00, 0x00, 0x0F, 0xE0, 0x00, 0x00, 0x00, 0x00, 0xFE, 0x00, 0x00,
  0x00, 0x00, 0x0F, 0xE0, 0x00, 0x00, 0x00, 0x00, 0xFE, 0x00, 0x00, 0x00,
  0x00, 0x0F, 0xE0, 0x00, 0x00, 0x00, 0x00, 0xFE, 0x00, 0x00, 0x00, 0x00,
  0x0F, 0xE0, 0x00, 0x00, 0x00, 0x00, 0xFE, 0x00, 0x00, 0x00, 0x00, 0x0F,
  0xE0, 0x00, 0x00, 0x00, 0x00, 0xFE, 0x00, 0x00, 0x00, 0x00, 0x0F, 0xE0,
  0x00, 0x00, 0x00, 0x00, 0xFE, 0x00, 0x00, 0x00, 0x00, 0x0F, 0xE0, 0x00,
  0x00, 0x00, 0x00, 0xFE, 0x00, 0x00, 0x00, 0x00, 0x0F, 0xE0, 0x00, 0x00,
  0x00, 0x00, 0xFE, 0x00, 0x00, 0x00, 0x00, 0x0F, 0xE0, 0x00, 0x00, 0x00,
  0x00, 0xFE, 0x00, 0x00, 0x00, 0x00, 0x0F, 0xE0, 0x00, 0x00, 0x00, 0x00,
  0xFC, 0x00, 0x00, 0x00, 0x00, 0x0F, 0x80, 0x00, 0x00, 0x00, 0x00, 0xF0,
  0x00, 0x00, 0x00, 0x00, 0x06, 0x00, 0x00, 0x00, 0x00, 0x00, 0x07, 0xFF,
  0xFF, 0xFF, 0xFF, 0xE0, 0x0F, 0xFF, 0xFF, 0xFF, 0xFF, 0xF0, 0x1F, 0xFF,
  0xFF, 0xFF, 0xFF, 0xF0, 0x0F, 0xFF, 0xFF, 0xFF, 0xFF, 0xE0, 0x67, 0xFF,
  0xFF, 0xFF, 0xFF, 0xC0, 0xF3, 0xFF, 0xFF, 0xFF, 0xFF, 0x80, 0xF9, 0xFF,
  0xFF, 0xFF, 0xFF, 0x00, 0xFC, 0x00, 0x00, 0x00, 0x00, 0x00, 0xFE, 0x00,
  0x00, 0x00, 0x00, 0x00, 0xFE, 0x00, 0x00, 0x00, 0x00, 0x00, 0xFE, 0x00,
  0x00, 0x00, 0x00, 0x00, 0xFE, 0x00, 0x00, 0x00, 0x00, 0x00, 0xFE, 0x00,
  0x00, 0x00, 0x00, 0x00, 0xFE, 0x00, 0x00, 0x00, 0x00, 0x00, 0xFE, 0x00,
  0x00, 0x00, 0x00, 0x00, 0xFE, 0x00, 0x00, 0x00, 0x00, 0x00, 0xFE, 0x00,
  0x00, 0x00, 0x00, 0x00, 0xFE, 0x00, 0x00, 0x00, 0x00, 0x00, 0xFE, 0x00,
  0x00, 0x00, 0x00, 0x00, 0xFE, 0x00, 0x00, 0x00, 0x00, 0x00, 0xFE, 0x00,
  0x00, 0x00, 0x00, 0x00, 0xFE, 0x00, 0x00, 0x00, 0x00, 0x00, 0xFE, 0x00,
  0x00, 0x00, 0x00, 0x00, 0xFE, 0x00, 0x00, 0x00, 0x00, 0x00, 0xFE, 0x00,
  0x00, 0x00, 0x00, 0x00, 0xFE, 0x00, 0x00, 0x00, 0x00, 0x00, 0xFE, 0x00,
  0x00, 0x00, 0x00, 0x00, 0xFE, 0x00, 0x00, 0x00, 0x00, 0x00, 0xFE, 0x00,
  0x00, 0x00, 0x00, 0x00, 0xFE, 0x00, 0x00, 0x00, 0x00, 0x00, 0xFE, 0x00,
  0x00, 0x00, 0x00, 0x00, 0xFE, 0x00, 0x00, 0x00, 0x00, 0x00, 0xFE, 0x00,
  0x00, 0x00, 0x00, 0x00, 0xFE, 0x00, 0x00, 0x00, 0x00, 0x00, 0xFC, 0x00,
  0x00, 0x00, 0x00, 0x00, 0xF8, 0x00, 0x00, 0x1F, 0xFF, 0x80, 0xF0, 0x00,
  0x00, 0x3F, 0xFF, 0xC0, 0xC0, 0x00, 0x00, 0x3F, 0xFF, 0xE0, 0x00, 0x00,
  0x00, 0x7F, 0xFF, 0xF0, 0x00, 0x00, 0x00, 0x7F, 0xFF, 0xF0, 0xC0, 0x00,
  0x00, 0x3F, 0xFF, 0xE7, 0xF0, 0x00, 0x00, 0x3F, 0xFF, 0xCF, 0xF8, 0x00,
  0x00, 0x1F, 0xFF, 0x9F, 0xFC, 0x00, 0x00, 0x00, 0x00, 0x3F, 0xFE, 0x00,
  0x00, 0x00, 0x00, 0x7F, 0xFE, 0x00, 0x00, 0x00, 0x00, 0x7F, 0xFE, 0x00,
  0x00, 0x00, 0x00, 0x7F, 0xFE, 0x00, 0x00, 0x00, 0x00, 0x7F, 0xFE, 0x00,
  0x00, 0x00, 0x00, 0x7F, 0xFE, 0x00, 0x00, 0x00, 0x00, 0x7F, 0xFE, 0x00,
  0x00, 0x00, 0x00, 0x7F, 0xFE, 0x00, 0x00, 0x00, 0x00, 0x7F, 0xFE, 0x00,
  0x00, 0x00, 0x00, 0x7F, 0xFE, 0x00, 0x00, 0x00, 0x00, 0x7F, 0xFE, 0x00,
  0x00, 0x00, 0x00, 0x7F, 0xFE, 0x00, 0x00, 0x00, 0x00, 0x7F, 0xFE, 0x00,
  0x00, 0x00, 0x00, 0x7F, 0xFE, 0x00, 0x00, 0x00, 0x00, 0x7F, 0xFE, 0x00,
  0x00, 0x00, 0x00, 0x7F, 0xFE, 0x00, 0x00, 0x00, 0x00, 0x7F, 0xFE, 0x00,
  0x00, 0x00, 0x00, 0x7F, 0xFE, 0x00, 0x00, 0x00, 0x00, 0x7F, 0xFE, 0x00,
  0x00, 0x00, 0x00, 0x7F, 0xFE, 0x00, 0x00, 0x00, 0x00, 0x7F, 0xFE, 0x00,
  0x00, 0x00, 0x00, 0x7F, 0xFE, 0x00, 0x00, 0x00, 0x00, 0x7F, 0xFE, 0x00,
  0x00, 0x00, 0x00, 0x7F, 0xFE, 0x00, 0x00, 0x00, 0x00, 0x7F, 0xFE, 0x00,
  0x00, 0x00, 0x00, 0x7F, 0xFE, 0x00, 0x00, 0x00, 0x00, 0x7F, 0xFC, 0x00,
  0x00, 0x00, 0x00, 0x3F, 0xF9, 0xFF, 0xFF, 0xFF, 0xFF, 0x1F, 0xF3, 0xFF,
  0xFF, 0xFF, 0xFF, 0x8F, 0x67, 0xFF, 0xFF, 0xFF, 0xFF, 0xC6, 0x0F, 0xFF,
  0xFF, 0xFF, 0xFF, 0xE0, 0x1F, 0xFF, 0xFF, 0xFF, 0xFF, 0xF0, 0x0F, 0xFF,
  0xFF, 0xFF, 0xFF, 0xF0, 0x07, 0xFF, 0xFF, 0xFF, 0xFF, 0xE0, 0x60, 0x00,
  0x00, 0x00, 0x00, 0x06, 0xF0, 0x00, 0x00, 0x00, 0x00, 0x0F, 0xF8, 0x00,
  0x00, 0x00, 0x00, 0x1F, 0xFC, 0x00, 0x00, 0x00, 0x00, 0x3F, 0xFE, 0x00,
  0x00, 0x00, 0x00, 0x7F, 0xFE, 0x00, 0x00, 0x00, 0x00, 0x7F, 0xFE, 0x00,
  0x00, 0x00, 0x00, 0x7F, 0xFE, 0x00, 0x00, 0x00, 0x00, 0x7F, 0xFE, 0x00,
  0x00, 0x00, 0x00, 0x7F, 0xFE, 0x00, 0x00, 0x00, 0x00, 0x7F, 0xFE, 0x00,
  0x00, 0x00, 0x00, 0x7F, 0xFE, 0x00, 0x00, 0x00, 0x00, 0x7F, 0xFE, 0x00,
  0x00, 0x00, 0x00, 0x7F, 0xFE, 0x00, 0x00, 0x00, 0x00, 0x7F, 0xFE, 0x00,
  0x00, 0x00, 0x00, 0x7F, 0xFE, 0x00, 0x00, 0x00, 0x00, 0x7F, 0xFE, 0x00,
  0x00, 0x00, 0x00, 0x7F, 0xFE, 0x00, 0x00, 0x00, 0x00, 0x7F, 0xFE, 0x00,
  0x00, 0x00, 0x00, 0x7F, 0xFE, 0x00, 0x00, 0x00, 0x00, 0x7F, 0xFE, 0x00,
  0x00, 0x00, 0x00, 0x7F, 0xFE, 0x00, 0x00, 0x00, 0x00, 0x7F, 0xFE, 0x00,
  0x00, 0x00, 0x00, 0x7F, 0xFE, 0x00, 0x00, 0x00, 0x00, 0x7F, 0xFE, 0x00,
  0x00, 0x00, 0x00, 0x7F, 0xFE, 0x00, 0x00, 0x00, 0x00, 0x7F, 0xFE, 0x00,
  0x00, 0x00, 0x00, 0x7F, 0xFE, 0x00, 0x00, 0x00, 0x00, 0x7F, 0xFE, 0x00,
  0x00, 0x00, 0x00, 0x7F, 0xFE, 0x00, 0x00, 0x00, 0x00, 0x7F, 0xFC, 0x00,
  0x00, 0x00, 0x00, 0x3F, 0xF9, 0xFF, 0xF8, 0x1F, 0xFF, 0x9F, 0xF3, 0xFF,
  0xF8, 0x3F, 0xFF, 0xCF, 0xC7, 0xFF, 0xFC, 0x3F, 0xFF, 0xE7, 0x0F, 0xFF,
  0xFE, 0x7F, 0xFF, 0xF0, 0x0F, 0xFF, 0xFE, 0x7F, 0xFF, 0xF0, 0xC7, 0xFF,
  0xFC, 0x3F, 0xFF, 0xE7, 0xF3, 0xFF, 0xF8, 0x3F, 0xFF, 0xCF, 0xF9, 0xFF,
  0xF8, 0x1F, 0xFF, 0x9F, 0xFC, 0x00, 0x00, 0x00, 0x00, 0x3F, 0xFE, 0x00,
  0x00, 0x00, 0x00, 0x7F, 0xFE, 0x00, 0x00, 0x00, 0x00, 0x7F, 0xFE, 0x00,
  0x00, 0x00, 0x00, 0x7F, 0xFE, 0x00, 0x00, 0x00, 0x00, 0x7F, 0xFE, 0x00,
  0x00, 0x00, 0x00, 0x7F, 0xFE, 0x00, 0x00, 0x00, 0x00, 0x7F, 0xFE, 0x00,
  0x00, 0x00, 0x00, 0x7F, 0xFE, 0x00, 0x00, 0x00, 0x00, 0x7F, 0xFE, 0x00,
  0x00, 0x00, 0x00, 0x7F, 0xFE, 0x00, 0x00, 0x00, 0x00, 0x7F, 0xFE, 0x00,
  0x00, 0x00, 0x00, 0x7F, 0xFE, 0x00, 0x00, 0x00, 0x00, 0x7F, 0xFE, 0x00,
  0x00, 0x00, 0x00, 0x7F, 0xFE, 0x00, 0x00, 0x00, 0x00, 0x7F, 0xFE, 0x00,
  0x00, 0x00, 0x00, 0x7F, 0xFE, 0x00, 0x00, 0x00, 0x00, 0x7F, 0xFE, 0x00,
  0x00, 0x00, 0x00, 0x7F, 0xFE, 0x00, 0x00, 0x00, 0x00, 0x7F, 0xFE, 0x00,
  0x00, 0x00, 0x00, 0x7F, 0xFE, 0x00, 0x00, 0x00, 0x00, 0x7F, 0xFE, 0x00,
  0x00, 0x00, 0x00, 0x7F, 0xFE, 0x00, 0x00, 0x00, 0x00, 0x7F, 0xFE, 0x00,
  0x00, 0x00, 0x00, 0x7F, 0xFE, 0x00, 0x00, 0x00, 0x00, 0x7F, 0xFE, 0x00,
  0x00, 0x00, 0x00, 0x7F, 0xFE, 0x00, 0x00, 0x00, 0x00, 0x7F, 0xFC, 0x00,
  0x00, 0x00, 0x00, 0x3F, 0xF8, 0x00, 0x00, 0x00, 0x00, 0x1F, 0xF0, 0x00,
  0x00, 0x00, 0x00, 0x0F, 0x60, 0x00, 0x00, 0x00, 0x00, 0x06, 0x3F, 0xFF,
  0xFF, 0xFF, 0xFF, 0x3F, 0xFF, 0xFF, 0xFF, 0xFF, 0xFF, 0xFF, 0xFF, 0xFF,
  0xFF, 0xEF, 0xFF, 0xFF, 0xFF, 0xFF, 0xE3, 0xFF, 0xFF, 0xFF, 0xFF, 0xE0,
  0xFF, 0xFF, 0xFF, 0xFF, 0xE0, 0x3F, 0xFF, 0xFF, 0xFF, 0xE0, 0x00, 0x00,
  0x00, 0x00, 0x00, 0x00, 0x00, 0x00, 0x00, 0x00, 0x00, 0x00, 0x3F, 0x80,
  0x00, 0x00, 0x00, 0x1F, 0xC0, 0x00, 0x00, 0x00, 0x0F, 0xE0, 0x00, 0x00,
  0x00, 0x07, 0xF0, 0x00, 0x00, 0x00, 0x03, 0xF8, 0x00, 0x00, 0x00, 0x01,
  0xFC, 0x00, 0x00, 0x00, 0x00, 0xFE, 0x00, 0x00, 0x00, 0x00, 0x7F, 0x00,
  0x00, 0x00, 0x00, 0x3F, 0x80, 0x00, 0x00, 0x00, 0x1F, 0xC0, 0x00, 0x00,
  0x00, 0x0F, 0xE0, 0x00, 0x00, 0x00, 0x07, 0xF0, 0x00, 0x00, 0x00, 0x03,
  0xF8, 0x00, 0x00, 0x00, 0x01, 0xFC, 0x00, 0x00, 0x00, 0x00, 0xFE, 0x00,
  0x00, 0x00, 0x00, 0x7F, 0x00, 0x00, 0x00, 0x00, 0x3F, 0x80, 0x00, 0x00,
  0x00, 0x1F, 0xC0, 0x00, 0x00, 0x00, 0x0F, 0xE0, 0x00, 0x00, 0x00, 0x07,
  0xF0, 0x00, 0x00, 0x00, 0x03, 0xF8, 0x00, 0x00, 0x00, 0x01, 0xFC, 0x00,
  0x00, 0x00, 0x00, 0xFE, 0x00, 0x00, 0x00, 0x00, 0x3F, 0x00, 0x00, 0x00,
  0x00, 0x0F, 0x00, 0x00, 0x00, 0x00, 0x07, 0x00, 0x00, 0x00, 0x00, 0x01,
  0x80, 0x00, 0x00, 0x00, 0x00, 0x80, 0x00, 0x00, 0x00, 0x00, 0x00, 0x00,
  0x00, 0x00, 0x00, 0x00, 0x00, 0x00, 0x00, 0x00, 0x00, 0x00, 0x00, 0x00,
  0x00, 0x00, 0x00, 0x00, 0x00, 0x00, 0x04, 0x00, 0x00, 0x00, 0x00, 0x03,
  0x00, 0x00, 0x00, 0x00, 0x03, 0x80, 0x00, 0x00, 0x00, 0x01, 0xE0, 0x00,
  0x00, 0x00, 0x01, 0xF8, 0x00, 0x00, 0x00, 0x01, 0xFC, 0x00, 0x00, 0x00,
  0x00, 0xFE, 0x00, 0x00, 0x00, 0x00, 0x7F, 0x00, 0x00, 0x00, 0x00, 0x3F,
  0x80, 0x00, 0x00, 0x00, 0x1F, 0xC0, 0x00, 0x00, 0x00, 0x0F, 0xE0, 0x00,
  0x00, 0x00, 0x07, 0xF0, 0x00, 0x00, 0x00, 0x03, 0xF8, 0x00, 0x00, 0x00,
  0x01, 0xFC, 0x00, 0x00, 0x00, 0x00, 0xFE, 0x00, 0x00, 0x00, 0x00, 0x7F,
  0x00, 0x00, 0x00, 0x00, 0x3F, 0x80, 0x00, 0x00, 0x00, 0x1F, 0xC0, 0x00,
  0x00, 0x00, 0x0F, 0xE0, 0x00, 0x00, 0x00, 0x07, 0xF0, 0x00, 0x00, 0x00,
  0x03, 0xF8, 0x00, 0x00, 0x00, 0x01, 0xFC, 0x00, 0x00, 0x00, 0x00, 0xFE,
  0x00, 0x00, 0x00, 0x00, 0x7F, 0x00, 0x00, 0x00, 0x00, 0x3F, 0x80, 0x00,
  0x00, 0x00, 0x1F, 0xC0, 0x00, 0x00, 0x00, 0x0F, 0xE0, 0x00, 0x00, 0x00,
  0x07, 0xF0, 0x00, 0x00, 0x00, 0x00, 0x00, 0x00, 0x00, 0x00, 0x00, 0x00,
  0x00, 0x00, 0x1F, 0xFF, 0xFF, 0xFF, 0xF0, 0x1F, 0xFF, 0xFF, 0xFF, 0xFC,
  0x1F, 0xFF, 0xFF, 0xFF, 0xFF, 0x1F, 0xFF, 0xFF, 0xFF, 0xFF, 0xDF, 0xFF,
  0xFF, 0xFF, 0xFF, 0xF7, 0xFF, 0xFF, 0xFF, 0xFF, 0xF9, 0xFF, 0xFF, 0xFF,
  0xFF, 0xF8, 0x00, 0x00, 0x00, 0x00, 0x00, 0x06, 0x00, 0x00, 0x00, 0x00,
  0x00, 0x0F, 0x00, 0x00, 0x00, 0x00, 0x00, 0x1F, 0x00, 0x00, 0x00, 0x00,
  0x00, 0x3F, 0x00, 0x00, 0x00, 0x00, 0x00, 0x7F, 0x00, 0x00, 0x00, 0x00,
  0x00, 0x7F, 0x00, 0x00, 0x00, 0x00, 0x00, 0x7F, 0x00, 0x00, 0x00, 0x00,
  0x00, 0x7F, 0x00, 0x00, 0x00, 0x00, 0x00, 0x7F, 0x00, 0x00, 0x00, 0x00,
  0x00, 0x7F, 0x00, 0x00, 0x00, 0x00, 0x00, 0x7F, 0x00, 0x00, 0x00, 0x00,
  0x00, 0x7F, 0x00, 0x00, 0x00, 0x00, 0x00, 0x7F, 0x00, 0x00, 0x00, 0x00,
  0x00, 0x7F, 0x00, 0x00, 0x00, 0x00, 0x00, 0x7F, 0x00, 0x00, 0x00, 0x00,
  0x00, 0x7F, 0x00, 0x00, 0x00, 0x00, 0x00, 0x7F, 0x00, 0x00, 0x00, 0x00,
  0x00, 0x7F, 0x00, 0x00, 0x00, 0x00, 0x00, 0x7F, 0x00, 0x00, 0x00, 0x00,
  0x00, 0x7F, 0x00, 0x00, 0x00, 0x00, 0x00, 0x7F, 0x00, 0x00, 0x00, 0x00,
  0x00, 0x7F, 0x00, 0x00, 0x00, 0x00, 0x00, 0x7F, 0x00, 0x00, 0x00, 0x00,
  0x00, 0x7F, 0x00, 0x00, 0x00, 0x00, 0x00, 0x7F, 0x00, 0x00, 0x00, 0x00,
  0x00, 0x7F, 0x00, 0x00, 0x00, 0x00, 0x00, 0x7F, 0x00, 0x00, 0x00, 0x00,
  0x00, 0x7F, 0x00, 0x00, 0x00, 0x00, 0x00, 0x7F, 0x00, 0x00, 0x00, 0x00,
  0x00, 0x7F, 0x00, 0x00, 0x00, 0x00, 0x00, 0x3F, 0x00, 0x00, 0x00, 0x00,
  0x00, 0x1F, 0x00, 0x00, 0x00, 0x00, 0x00, 0x0F, 0x00, 0x00, 0x00, 0x00,
  0x00, 0x07, 0x00, 0x00, 0x00, 0x00, 0x00, 0x00, 0x00, 0x00, 0x00, 0x00,
  0x00, 0x00, 0xC0, 0x00, 0x00, 0x00, 0x00, 0x07, 0xF0, 0x00, 0x00, 0x00,
  0x00, 0x0F, 0xF8, 0x00, 0x00, 0x00, 0x00, 0x1F, 0xFC, 0x00, 0x00, 0x00,
  0x00, 0x3F, 0xFE, 0x00, 0x00, 0x00, 0x00, 0x7F, 0xFE, 0x00, 0x00, 0x00,
  0x00, 0x7F, 0xFE, 0x00, 0x00, 0x00, 0x00, 0x7F, 0xFE, 0x00, 0x00, 0x00,
  0x00, 0x7F, 0xFE, 0x00, 0x00, 0x00, 0x00, 0x7F, 0xFE, 0x00, 0x00, 0x00,
  0x00, 0x7F, 0xFE, 0x00, 0x00, 0x00, 0x00, 0x7F, 0xFE, 0x00, 0x00, 0x00,
  0x00, 0x7F, 0xFE, 0x00, 0x00, 0x00, 0x00, 0x7F, 0xFE, 0x00, 0x00, 0x00,
  0x00, 0x7F, 0xFE, 0x00, 0x00, 0x00, 0x00, 0x7F, 0xFE, 0x00, 0x00, 0x00,
  0x00, 0x7F, 0xFE, 0x00, 0x00, 0x00, 0x00, 0x7F, 0xFE, 0x00, 0x00, 0x00,
  0x00, 0x7F, 0xFE, 0x00, 0x00, 0x00, 0x00, 0x7F, 0xFE, 0x00, 0x00, 0x00,
  0x00, 0x7F, 0xFE, 0x00, 0x00, 0x00, 0x00, 0x7F, 0xFE, 0x00, 0x00, 0x00,
  0x00, 0x7F, 0xFE, 0x00, 0x00, 0x00, 0x00, 0x7F, 0xFE, 0x00, 0x00, 0x00,
  0x00, 0x7F, 0xFE, 0x00, 0x00, 0x00, 0x00, 0x7F, 0xFE, 0x00, 0x00, 0x00,
  0x00, 0x7F, 0xFE, 0x00, 0x00, 0x00, 0x00, 0x7F, 0xFE, 0x00, 0x00, 0x00,
  0x00, 0x7F, 0xFE, 0x00, 0x00, 0x00, 0x00, 0x7F, 0xFE, 0x00, 0x00, 0x00,
  0x00, 0x7F, 0xFC, 0x00, 0x00, 0x00, 0x00, 0x3F, 0xF9, 0xFF, 0xFF, 0xFF,
  0xFF, 0x1F, 0xF3, 0xFF, 0xFF, 0xFF, 0xFF, 0x8F, 0x67, 0xFF, 0xFF, 0xFF,
  0xFF, 0xC6, 0x0F, 0xFF, 0xFF, 0xFF, 0xFF, 0xE0, 0x1F, 0xFF, 0xFF, 0xFF,
  0xFF, 0xF0, 0x0F, 0xFF, 0xFF, 0xFF, 0xFF, 0xF0, 0x07, 0xFF, 0xFF, 0xFF,
  0xFF, 0xE0, 0x60, 0x00, 0x00, 0x00, 0x01, 0xE0, 0x00, 0x00, 0x00, 0x03,
  0xE0, 0x00, 0x00, 0x00, 0x07, 0xE0, 0x00, 0x00, 0x00, 0x0F, 0xE0, 0x00,
  0x00, 0x00, 0x1F, 0xC0, 0x00, 0x00, 0x00, 0xFF, 0x80, 0x00, 0x00, 0x03,
  0xFF, 0x00, 0x00, 0x00, 0x07, 0xFE, 0x00, 0x00, 0x00, 0x1F, 0xFC, 0x00,
  0x00, 0x00, 0x7F, 0xF8, 0x00, 0x00, 0x00, 0xFF, 0xF0, 0x00, 0x00, 0x03,
  0xFF, 0xE0, 0x00, 0x00, 0x07, 0xFF, 0xC0, 0x00, 0x00, 0x1F, 0xFF, 0x80,
  0x00, 0x00, 0x7F, 0xFF, 0x00, 0x00, 0x00, 0xFF, 0xFE, 0x00, 0x00, 0x03,
  0xFF, 0xFC, 0x00, 0x00, 0x07, 0xFB, 0xF8, 0x00, 0x00, 0x1F, 0xF7, 0xF0,
  0x00, 0x00, 0x3F, 0xCF, 0xE0, 0x00, 0x00, 0x7F, 0x1F, 0xC0, 0x00, 0x00,
  0xFE, 0x3F, 0x80, 0x00, 0x01, 0xF8, 0x7F, 0x00, 0x00, 0x03, 0xF0, 0xFE,
  0x00, 0x00, 0x07, 0xC1, 0xFC, 0x00, 0x00, 0x0F, 0x83, 0xF8, 0x00, 0x00,
  0x1E, 0x07, 0xF0, 0x00, 0x00, 0x38, 0x0F, 0xE0, 0x00, 0x00, 0x70, 0x1F,
  0xC0, 0x00, 0x00, 0xC0, 0x3F, 0x00, 0x00, 0x00, 0x00, 0x7C, 0xFF, 0xFC,
  0x00, 0x00, 0xF3, 0xFF, 0xF8, 0x00, 0x01, 0x8F, 0xFF, 0xF8, 0x00, 0x00,
  0x3F, 0xFF, 0xF8, 0x00, 0x00, 0x7F, 0xFF, 0xF0, 0x00, 0x0C, 0x7F, 0xFF,
  0xC0, 0x00, 0x1E, 0x7F, 0xFF, 0x00, 0x00, 0x3E, 0x7F, 0xFE, 0x00, 0x00,
  0x7E, 0x00, 0x00, 0x00, 0x00, 0xFE, 0x00, 0x00, 0x06, 0x01, 0xFC, 0x00,
  0x00, 0x0E, 0x03, 0xF8, 0x00, 0x00, 0x1C, 0x07, 0xF0, 0x00, 0x00, 0x3C,
  0x0F, 0xE0, 0x00, 0x00, 0x78, 0x1F, 0xC0, 0x00, 0x00, 0xF8, 0x3F, 0x80,
  0x00, 0x01, 0xF8, 0x7F, 0x00, 0x00, 0x03, 0xF0, 0xFE, 0x00, 0x00, 0x07,
  0xF1, 0xFC, 0x00, 0x00, 0x0F, 0xE3, 0xF8, 0x00, 0x00, 0x1F, 0xE7, 0xF0,
  0x00, 0x00, 0x3F, 0xEF, 0xE0, 0x00, 0x00, 0x3F, 0xDF, 0xC0, 0x00, 0x00,
  0x7F, 0xFF, 0x80, 0x00, 0x00, 0x7F, 0xFF, 0x00, 0x00, 0x00, 0xFF, 0xFE,
  0x00, 0x00, 0x00, 0xFF, 0xFC, 0x00, 0x00, 0x00, 0xFF, 0xF8, 0x00, 0x00,
  0x01, 0xFF, 0xF0, 0x00, 0x00, 0x01, 0xFF, 0xE0, 0x00, 0x00, 0x03, 0xFF,
  0xC0, 0x00, 0x00, 0x03, 0xFF, 0x80, 0x00, 0x00, 0x03, 0xFF, 0x00, 0x00,
  0x00, 0x07, 0xFE, 0x00, 0x00, 0x00, 0x07, 0xFC, 0x00, 0x00, 0x00, 0x03,
  0xF0, 0x00, 0x00, 0x00, 0x07, 0xC0, 0x00, 0x00, 0x00, 0x0F, 0x00, 0x00,
  0x00, 0x00, 0x0C, 0x00, 0x00, 0x00, 0x00, 0x00, 0x60, 0x00, 0x00, 0x00,
  0x00, 0x0F, 0x00, 0x00, 0x00, 0x00, 0x00, 0xF8, 0x00, 0x00, 0x00, 0x00,
  0x0F, 0xC0, 0x00, 0x00, 0x00, 0x00, 0xFE, 0x00, 0x00, 0x00, 0x00, 0x0F,
  0xE0, 0x00, 0x00, 0x00, 0x00, 0xFE, 0x00, 0x00, 0x00, 0x00, 0x0F, 0xE0,
  0x00, 0x00, 0x00, 0x00, 0xFE, 0x00, 0x00, 0x00, 0x00, 0x0F, 0xE0, 0x00,
  0x00, 0x00, 0x00, 0xFE, 0x00, 0x00, 0x00, 0x00, 0x0F, 0xE0, 0x00, 0x00,
  0x00, 0x00, 0xFE, 0x00, 0x00, 0x00, 0x00, 0x0F, 0xE0, 0x00, 0x00, 0x00,
  0x00, 0xFE, 0x00, 0x00, 0x00, 0x00, 0x0F, 0xE0, 0x00, 0x00, 0x00, 0x00,
  0xFE, 0x00, 0x00, 0x00, 0x00, 0x0F, 0xE0, 0x00, 0x00, 0x00, 0x00, 0xFE,
  0x00, 0x00, 0x00, 0x00, 0x0F, 0xE0, 0x00, 0x00, 0x00, 0x00, 0xFE, 0x00,
  0x00, 0x00, 0x00, 0x0F, 0xE0, 0x00, 0x00, 0x00, 0x00, 0xFE, 0x00, 0x00,
  0x00, 0x00, 0x0F, 0xE0, 0x00, 0x00, 0x00, 0x00, 0xFE, 0x00, 0x00, 0x00,
  0x00, 0x0F, 0xE0, 0x00, 0x00, 0x00, 0x00, 0xFE, 0x00, 0x00, 0x00, 0x00,
  0x0F, 0xE0, 0x00, 0x00, 0x00, 0x00, 0xFE, 0x00, 0x00, 0x00, 0x00, 0x0F,
  0xE0, 0x00, 0x00, 0x00, 0x00, 0xFC, 0x00, 0x00, 0x00, 0x00, 0x0F, 0x80,
  0x00, 0x00, 0x00, 0x00, 0xF0, 0x00, 0x00, 0x00, 0x00, 0x0C, 0x00, 0x00,
  0x00, 0x00, 0x00, 0x00, 0x00, 0x00, 0x00, 0x00, 0x00, 0x00, 0x00, 0x00,
  0x00, 0x00, 0xC0, 0x00, 0x00, 0x00, 0x00, 0x0F, 0x00, 0x00, 0x00, 0x00,
  0x00, 0xF8, 0x00, 0x00, 0x00, 0x00, 0x0F, 0xC0, 0x00, 0x00, 0x00, 0x00,
  0xFE, 0x00, 0x00, 0x00, 0x00, 0x0F, 0xE0, 0x00, 0x00, 0x00, 0x00, 0xFE,
  0x00, 0x00, 0x00, 0x00, 0x0F, 0xE0, 0x00, 0x00, 0x00, 0x00, 0xFE, 0x00,
  0x00, 0x00, 0x00, 0x0F, 0xE0, 0x00, 0x00, 0x00, 0x00, 0xFE, 0x00, 0x00,
  0x00, 0x00, 0x0F, 0xE0, 0x00, 0x00, 0x00, 0x00, 0xFE, 0x00, 0x00, 0x00,
  0x00, 0x0F, 0xE0, 0x00, 0x00, 0x00, 0x00, 0xFE, 0x00, 0x00, 0x00, 0x00,
  0x0F, 0xE0, 0x00, 0x00, 0x00, 0x00, 0xFE, 0x00, 0x00, 0x00, 0x00, 0x0F,
  0xE0, 0x00, 0x00, 0x00, 0x00, 0xFE, 0x00, 0x00, 0x00, 0x00, 0x0F, 0xE0,
  0x00, 0x00, 0x00, 0x00, 0xFE, 0x00, 0x00, 0x00, 0x00, 0x0F, 0xE0, 0x00,
  0x00, 0x00, 0x00, 0xFE, 0x00, 0x00, 0x00, 0x00, 0x0F, 0xE0, 0x00, 0x00,
  0x00, 0x00, 0xFE, 0x00, 0x00, 0x00, 0x00, 0x0F, 0xE0, 0x00, 0x00, 0x00,
  0x00, 0xFE, 0x00, 0x00, 0x00, 0x00, 0x0F, 0xE0, 0x00, 0x00, 0x00, 0x00,
  0xFE, 0x00, 0x00, 0x00, 0x00, 0x0F, 0xE0, 0x00, 0x00, 0x00, 0x00, 0xFC,
  0x00, 0x00, 0x00, 0x00, 0x0F, 0x9F, 0xFF, 0xFF, 0xFF, 0xF0, 0xF3, 0xFF,
  0xFF, 0xFF, 0xFF, 0x86, 0x7F, 0xFF, 0xFF, 0xFF, 0xFC, 0x0F, 0xFF, 0xFF,
  0xFF, 0xFF, 0xE1, 0xFF, 0xFF, 0xFF, 0xFF, 0xFF, 0x0F, 0xFF, 0xFF, 0xFF,
  0xFF, 0xF0, 0x7F, 0xFF, 0xFF, 0xFF, 0xFE, 0x60, 0x00, 0x00, 0x00, 0x00,
  0x06, 0xF0, 0x00, 0x00, 0x00, 0x00, 0x0F, 0xF8, 0x00, 0x00, 0x00, 0x00,
  0x1F, 0xFC, 0x00, 0x00, 0x00, 0x00, 0x3F, 0xFE, 0x00, 0x00, 0x00, 0x00,
  0x7F, 0xFE, 0x60, 0x00, 0x00, 0x06, 0x7F, 0xFE, 0x70, 0x00, 0x00, 0x0E,
  0x7F, 0xFE, 0x70, 0x00, 0x00, 0x0E, 0x7F, 0xFE, 0x78, 0x00, 0x00, 0x1E,
  0x7F, 0xFE, 0x78, 0x00, 0x00, 0x3E, 0x7F, 0xFE, 0x7C, 0x00, 0x00, 0x3E,
  0x7F, 0xFE, 0x7C, 0x00, 0x00, 0x7E, 0x7F, 0xFE, 0x7E, 0x00, 0x00, 0x7E,
  0x7F, 0xFE, 0x7F, 0x00, 0x00, 0xFE, 0x7F, 0xFE, 0x7F, 0x00, 0x01, 0xFE,
  0x7F, 0xFE, 0x7F, 0x80, 0x01, 0xFE, 0x7F, 0xFE, 0x7F, 0x80, 0x03, 0xFE,
  0x7F, 0xFE, 0x3F, 0xC0, 0x03, 0xFC, 0x7F, 0xFE, 0x3F, 0xC0, 0x07, 0xFC,
  0x7F, 0xFE, 0x1F, 0xE0, 0x07, 0xF8, 0x7F, 0xFE, 0x1F, 0xE0, 0x07, 0xF0,
  0x7F, 0xFE, 0x0F, 0xE0, 0x07, 0xF0, 0x7F, 0xFE, 0x0F, 0xE0, 0x07, 0xE0,
  0x7F, 0xFE, 0x07, 0xE0, 0x07, 0xE0, 0x7F, 0xFE, 0x03, 0xE0, 0x07, 0xC0,
  0x7F, 0xFE, 0x03, 0xE0, 0x07, 0xC0, 0x7F, 0xFE, 0x01, 0xE0, 0x07, 0x80,
  0x7F, 0xFE, 0x01, 0xE0, 0x07, 0x00, 0x7F, 0xFE, 0x00, 0xE0, 0x07, 0x00,
  0x7F, 0xFE, 0x00, 0xE0, 0x06, 0x00, 0x7F, 0xFC, 0x00, 0x00, 0x00, 0x00,
  0x3F, 0xF8, 0x00, 0x00, 0x00, 0x00, 0x1F, 0xF0, 0x00, 0x00, 0x00, 0x00,
  0x0F, 0xC0, 0x00, 0x00, 0x00, 0x00, 0x07, 0x00, 0x00, 0x00, 0x00, 0x00,
  0x00, 0x00, 0x00, 0x00, 0x00, 0x00, 0x00, 0xC0, 0x00, 0x00, 0x00, 0x00,
  0x07, 0xF0, 0x00, 0x01, 0x00, 0x00, 0x0F, 0xF8, 0x00, 0x01, 0x80, 0x00,
  0x1F, 0xFC, 0x00, 0x03, 0x80, 0x00, 0x3F, 0xFE, 0x00, 0x03, 0xC0, 0x00,
  0x7F, 0xFE, 0x00, 0x07, 0xE0, 0x00, 0x7F, 0xFE, 0x00, 0x0F, 0xE0, 0x00,
  0x7F, 0xFE, 0x00, 0x0F, 0xE0, 0x00, 0x7F, 0xFE, 0x00, 0x0F, 0xE0, 0x00,
  0x7F, 0xFE, 0x00, 0x0F, 0xE0, 0x00, 0x7F, 0xFE, 0x00, 0x0F, 0xE0, 0x00,
  0x7F, 0xFE, 0x00, 0x0F, 0xE0, 0x00, 0x7F, 0xFE, 0x00, 0x0F, 0xE0, 0x00,
  0x7F, 0xFE, 0x00, 0x0F, 0xE0, 0x00, 0x7F, 0xFE, 0x00, 0x0F, 0xE0, 0x00,
  0x7F, 0xFE, 0x00, 0x0F, 0xE0, 0x00, 0x7F, 0xFE, 0x00, 0x0F, 0xE0, 0x00,
  0x7F, 0xFE, 0x00, 0x0F, 0xE0, 0x00, 0x7F, 0xFE, 0x00, 0x0F, 0xE0, 0x00,
  0x7F, 0xFE, 0x00, 0x0F, 0xE0, 0x00, 0x7F, 0xFE, 0x00, 0x0F, 0xE0, 0x00,
  0x7F, 0xFE, 0x00, 0x0F, 0xE0, 0x00, 0x7F, 0xFE, 0x00, 0x0F, 0xE0, 0x00,
  0x7F, 0xFE, 0x00, 0x0F, 0xE0, 0x00, 0x7F, 0xFE, 0x00, 0x0F, 0xE0, 0x00,
  0x7F, 0xFE, 0x00, 0x0F, 0xE0, 0x00, 0x7F, 0xFE, 0x00, 0x0F, 0xE0, 0x00,
  0x7F, 0xFE, 0x00, 0x0F, 0xE0, 0x00, 0x7F, 0xFE, 0x00, 0x0F, 0xE0, 0x00,
  0x7F, 0xFE, 0x00, 0x00, 0x00, 0x00, 0x7F, 0xFC, 0x00, 0x00, 0x00, 0x00,
  0x3F, 0xF8, 0x00, 0x00, 0x00, 0x00, 0x1F, 0xF0, 0x00, 0x00, 0x00, 0x00,
  0x0F, 0x60, 0x00, 0x00, 0x00, 0x00, 0x06, 0x60, 0x00, 0x00, 0x00, 0x00,
  0x06, 0xF0, 0x00, 0x00, 0x00, 0x00, 0x0F, 0xF8, 0x00, 0x00, 0x00, 0x00,
  0x1F, 0xFC, 0x00, 0x00, 0x00, 0x00, 0x3F, 0xFE, 0x00, 0x00, 0x00, 0x00,
  0x7F, 0xFE, 0x60, 0x00, 0x00, 0x00, 0x7F, 0xFE, 0x70, 0x00, 0x00, 0x00,
  0x7F, 0xFE, 0x70, 0x00, 0x00, 0x00, 0x7F, 0xFE, 0x78, 0x00, 0x00, 0x00,
  0x7F, 0xFE, 0x78, 0x00, 0x00, 0x00, 0x7F, 0xFE, 0x7C, 0x00, 0x00, 0x00,
  0x7F, 0xFE, 0x7C, 0x00, 0x00, 0x00, 0x7F, 0xFE, 0x7E, 0x00, 0x00, 0x00,
  0x7F, 0xFE, 0x7F, 0x00, 0x00, 0x00, 0x7F, 0xFE, 0x7F, 0x00, 0x00, 0x00,
  0x7F, 0xFE, 0x7F, 0x80, 0x00, 0x00, 0x7F, 0xFE, 0x7F, 0x80, 0x00, 0x00,
  0x7F, 0xFE, 0x3F, 0xC0, 0x00, 0x00, 0x7F, 0xFE, 0x3F, 0xC0, 0x00, 0x00,
  0x7F, 0xFE, 0x1F, 0xE0, 0x00, 0x00, 0x7F, 0xFE, 0x1F, 0xE0, 0x00, 0x00,
  0x7F, 0xFE, 0x0F, 0xE0, 0x00, 0x00, 0x7F, 0xFE, 0x0F, 0xE0, 0x00, 0x00,
  0x7F, 0xFE, 0x07, 0xE0, 0x00, 0x00, 0x7F, 0xFE, 0x03, 0xE0, 0x00, 0x00,
  0x7F, 0xFE, 0x03, 0xE0, 0x00, 0x00, 0x7F, 0xFE, 0x01, 0xE0, 0x00, 0x00,
  0x7F, 0xFE, 0x01, 0xE0, 0x00, 0x00, 0x7F, 0xFE, 0x00, 0xE0, 0x00, 0x00,
  0x7F, 0xFE, 0x00, 0xE0, 0x00, 0x00, 0x7F, 0xFC, 0x00, 0x00, 0x00, 0x00,
  0x3F, 0xF8, 0x00, 0x00, 0x00, 0x00, 0x1F, 0xF0, 0x00, 0x00, 0x00, 0x00,
  0x0F, 0xC0, 0x00, 0x00, 0x00, 0x00, 0x07, 0x00, 0x00, 0x00, 0x00, 0x00,
  0x00, 0x00, 0x00, 0x00, 0x00, 0x00, 0x00, 0xC0, 0x00, 0x00, 0x00, 0x00,
  0x07, 0xF0, 0x00, 0x00, 0x00, 0x00, 0x0F, 0xF8, 0x00, 0x00, 0x00, 0x00,
  0x1F, 0xFC, 0x00, 0x00, 0x00, 0x00, 0x3F, 0xFE, 0x00, 0x00, 0x06, 0x00,
  0x7F, 0xFE, 0x00, 0x00, 0x07, 0x00, 0x7F, 0xFE, 0x00, 0x00, 0x07, 0x00,
  0x7F, 0xFE, 0x00, 0x00, 0x07, 0x80, 0x7F, 0xFE, 0x00, 0x00, 0x07, 0x80,
  0x7F, 0xFE, 0x00, 0x00, 0x07, 0xC0, 0x7F, 0xFE, 0x00, 0x00, 0x07, 0xE0,
  0x7F, 0xFE, 0x00, 0x00, 0x07, 0xE0, 0x7F, 0xFE, 0x00, 0x00, 0x07, 0xF0,
  0x7F, 0xFE, 0x00, 0x00, 0x07, 0xF0, 0x7F, 0xFE, 0x00, 0x00, 0x07, 0xF8,
  0x7F, 0xFE, 0x00, 0x00, 0x07, 0xFC, 0x7F, 0xFE, 0x00, 0x00, 0x03, 0xFC,
  0x7F, 0xFE, 0x00, 0x00, 0x03, 0xFE, 0x7F, 0xFE, 0x00, 0x00, 0x01, 0xFE,
  0x7F, 0xFE, 0x00, 0x00, 0x01, 0xFE, 0x7F, 0xFE, 0x00, 0x00, 0x00, 0xFE,
  0x7F, 0xFE, 0x00, 0x00, 0x00, 0x7E, 0x7F, 0xFE, 0x00, 0x00, 0x00, 0x7E,
  0x7F, 0xFE, 0x00, 0x00, 0x00, 0x3E, 0x7F, 0xFE, 0x00, 0x00, 0x00, 0x3E,
  0x7F, 0xFE, 0x00, 0x00, 0x00, 0x1E, 0x7F, 0xFE, 0x00, 0x00, 0x00, 0x0E,
  0x7F, 0xFE, 0x00, 0x00, 0x00, 0x0E, 0x7F, 0xFE, 0x00, 0x00, 0x00, 0x06,
  0x7F, 0xFE, 0x00, 0x00, 0x00, 0x00, 0x7F, 0xFC, 0x00, 0x00, 0x00, 0x00,
  0x3F, 0xF8, 0x00, 0x00, 0x00, 0x00, 0x1F, 0xF0, 0x00, 0x00, 0x00, 0x00,
  0x0F, 0x60, 0x00, 0x00, 0x00, 0x00, 0x06, 0x07, 0xFF, 0xFF, 0xFF, 0xFF,
  0xE0, 0x0F, 0xFF, 0xFF, 0xFF, 0xFF, 0xF0, 0x1F, 0xFF, 0xFF, 0xFF, 0xFF,
  0xF0, 0x0F, 0xFF, 0xFF, 0xFF, 0xFF, 0xE0, 0x67, 0xFF, 0xFF, 0xFF, 0xFF,
  0xC6, 0xF3, 0xFF, 0xFF, 0xFF, 0xFF, 0x8F, 0xF9, 0xFF, 0xFF, 0xFF, 0xFF,
  0x1F, 0xFC, 0x00, 0x00, 0x00, 0x00, 0x3F, 0xFE, 0x00, 0x00, 0x00, 0x00,
  0x7F, 0xFE, 0x00, 0x00, 0x00, 0x00, 0x7F, 0xFE, 0x00, 0x00, 0x00, 0x00,
  0x7F, 0xFE, 0x00, 0x00, 0x00, 0x00, 0x7F, 0xFE, 0x00, 0x00, 0x00, 0x00,
  0x7F, 0xFE, 0x00, 0x00, 0x00, 0x00, 0x7F, 0xFE, 0x00, 0x00, 0x00, 0x00,
  0x7F, 0xFE, 0x00, 0x00, 0x00, 0x00, 0x7F, 0xFE, 0x00, 0x00, 0x00, 0x00,
  0x7F, 0xFE, 0x00, 0x00, 0x00, 0x00, 0x7F, 0xFE, 0x00, 0x00, 0x00, 0x00,
  0x7F, 0xFE, 0x00, 0x00, 0x00, 0x00, 0x7F, 0xFE, 0x00, 0x00, 0x00, 0x00,
  0x7F, 0xFE, 0x00, 0x00, 0x00, 0x00, 0x7F, 0xFE, 0x00, 0x00, 0x00, 0x00,
  0x7F, 0xFE, 0x00, 0x00, 0x00, 0x00, 0x7F, 0xFE, 0x00, 0x00, 0x00, 0x00,
  0x7F, 0xFE, 0x00, 0x00, 0x00, 0x00, 0x7F, 0xFE, 0x00, 0x00, 0x00, 0x00,
  0x7F, 0xFE, 0x00, 0x00, 0x00, 0x00, 0x7F, 0xFE, 0x00, 0x00, 0x00, 0x00,
  0x7F, 0xFE, 0x00, 0x00, 0x00, 0x00, 0x7F, 0xFE, 0x00, 0x00, 0x00, 0x00,
  0x7F, 0xFE, 0x00, 0x00, 0x00, 0x00, 0x7F, 0xFE, 0x00, 0x00, 0x00, 0x00,
  0x7F, 0xFE, 0x00, 0x00, 0x00, 0x00, 0x7F, 0xFC, 0x00, 0x00, 0x00, 0x00,
  0x3F, 0xF8, 0x00, 0x00, 0x00, 0x00, 0x1F, 0xF0, 0x00, 0x00, 0x00, 0x00,
  0x0F, 0xC0, 0x00, 0x00, 0x00, 0x00, 0x07, 0x00, 0x00, 0x00, 0x00, 0x00,
  0x00, 0x00, 0x00, 0x00, 0x00, 0x00, 0x00, 0xC0, 0x00, 0x00, 0x00, 0x00,
  0x07, 0xF0, 0x00, 0x00, 0x00, 0x00, 0x0F, 0xF8, 0x00, 0x00, 0x00, 0x00,
  0x1F, 0xFC, 0x00, 0x00, 0x00, 0x00, 0x3F, 0xFE, 0x00, 0x00, 0x00, 0x00,
  0x7F, 0xFE, 0x00, 0x00, 0x00, 0x00, 0x7F, 0xFE, 0x00, 0x00, 0x00, 0x00,
  0x7F, 0xFE, 0x00, 0x00, 0x00, 0x00, 0x7F, 0xFE, 0x00, 0x00, 0x00, 0x00,
  0x7F, 0xFE, 0x00, 0x00, 0x00, 0x00, 0x7F, 0xFE, 0x00, 0x00, 0x00, 0x00,
  0x7F, 0xFE, 0x00, 0x00, 0x00, 0x00, 0x7F, 0xFE, 0x00, 0x00, 0x00, 0x00,
  0x7F, 0xFE, 0x00, 0x00, 0x00, 0x00, 0x7F, 0xFE, 0x00, 0x00, 0x00, 0x00,
  0x7F, 0xFE, 0x00, 0x00, 0x00, 0x00, 0x7F, 0xFE, 0x00, 0x00, 0x00, 0x00,
  0x7F, 0xFE, 0x00, 0x00, 0x00, 0x00, 0x7F, 0xFE, 0x00, 0x00, 0x00, 0x00,
  0x7F, 0xFE, 0x00, 0x00, 0x00, 0x00, 0x7F, 0xFE, 0x00, 0x00, 0x00, 0x00,
  0x7F, 0xFE, 0x00, 0x00, 0x00, 0x00, 0x7F, 0xFE, 0x00, 0x00, 0x00, 0x00,
  0x7F, 0xFE, 0x00, 0x00, 0x00, 0x00, 0x7F, 0xFE, 0x00, 0x00, 0x00, 0x00,
  0x7F, 0xFE, 0x00, 0x00, 0x00, 0x00, 0x7F, 0xFE, 0x00, 0x00, 0x00, 0x00,
  0x7F, 0xFE, 0x00, 0x00, 0x00, 0x00, 0x7F, 0xFE, 0x00, 0x00, 0x00, 0x00,
  0x7F, 0xFE, 0x00, 0x00, 0x00, 0x00, 0x7F, 0xFC, 0x00, 0x00, 0x00, 0x00,
  0x3F, 0xF9, 0xFF, 0xFF, 0xFF, 0xFF, 0x1F, 0xF3, 0xFF, 0xFF, 0xFF, 0xFF,
  0x8F, 0x67, 0xFF, 0xFF, 0xFF, 0xFF, 0xC6, 0x0F, 0xFF, 0xFF, 0xFF, 0xFF,
  0xE0, 0x1F, 0xFF, 0xFF, 0xFF, 0xFF, 0xF0, 0x0F, 0xFF, 0xFF, 0xFF, 0xFF,
  0xF0, 0x07, 0xFF, 0xFF, 0xFF, 0xFF, 0xE0, 0x07, 0xFF, 0xFF, 0xFF, 0xFF,
  0xE0, 0x0F, 0xFF, 0xFF, 0xFF, 0xFF, 0xF0, 0x1F, 0xFF, 0xFF, 0xFF, 0xFF,
  0xF0, 0x0F, 0xFF, 0xFF, 0xFF, 0xFF, 0xE0, 0x67, 0xFF, 0xFF, 0xFF, 0xFF,
  0xC6, 0xF3, 0xFF, 0xFF, 0xFF, 0xFF, 0x8F, 0xF9, 0xFF, 0xFF, 0xFF, 0xFF,
  0x1F, 0xFC, 0x00, 0x00, 0x00, 0x00, 0x3F, 0xFE, 0x00, 0x00, 0x00, 0x00,
  0x7F, 0xFE, 0x00, 0x00, 0x00, 0x00, 0x7F, 0xFE, 0x00, 0x00, 0x00, 0x00,
  0x7F, 0xFE, 0x00, 0x00, 0x00, 0x00, 0x7F, 0xFE, 0x00, 0x00, 0x00, 0x00,
  0x7F, 0xFE, 0x00, 0x00, 0x00, 0x00, 0x7F, 0xFE, 0x00, 0x00, 0x00, 0x00,
  0x7F, 0xFE, 0x00, 0x00, 0x00, 0x00, 0x7F, 0xFE, 0x00, 0x00, 0x00, 0x00,
  0x7F, 0xFE, 0x00, 0x00, 0x00, 0x00, 0x7F, 0xFE, 0x00, 0x00, 0x00, 0x00,
  0x7F, 0xFE, 0x00, 0x00, 0x00, 0x00, 0x7F, 0xFE, 0x00, 0x00, 0x00, 0x00,
  0x7F, 0xFE, 0x00, 0x00, 0x00, 0x00, 0x7F, 0xFE, 0x00, 0x00, 0x00, 0x00,
  0x7F, 0xFE, 0x00, 0x00, 0x00, 0x00, 0x7F, 0xFE, 0x00, 0x00, 0x00, 0x00,
  0x7F, 0xFE, 0x00, 0x00, 0x00, 0x00, 0x7F, 0xFE, 0x00, 0x00, 0x00, 0x00,
  0x7F, 0xFE, 0x00, 0x00, 0x00, 0x00, 0x7F, 0xFE, 0x00, 0x00, 0x00, 0x00,
  0x7F, 0xFE, 0x00, 0x00, 0x00, 0x00, 0x7F, 0xFE, 0x00, 0x00, 0x00, 0x00,
  0x7F, 0xFE, 0x00, 0x00, 0x00, 0x00, 0x7F, 0xFE, 0x00, 0x00, 0x00, 0x00,
  0x7F, 0xFE, 0x00, 0x00, 0x00, 0x00, 0x7F, 0xFC, 0x00, 0x00, 0x00, 0x00,
  0x3F, 0xF9, 0xFF, 0xF8, 0x1F, 0xFF, 0x9F, 0xF3, 0xFF, 0xF8, 0x3F, 0xFF,
  0xCF, 0xC7, 0xFF, 0xFC, 0x3F, 0xFF, 0xE7, 0x0F, 0xFF, 0xFE, 0x7F, 0xFF,
  0xF0, 0x0F, 0xFF, 0xFE, 0x7F, 0xFF, 0xF0, 0xC7, 0xFF, 0xFC, 0x3F, 0xFF,
  0xE0, 0xF3, 0xFF, 0xF8, 0x3F, 0xFF, 0xC0, 0xF9, 0xFF, 0xF8, 0x1F, 0xFF,
  0x80, 0xFC, 0x00, 0x00, 0x00, 0x00, 0x00, 0xFE, 0x00, 0x00, 0x00, 0x00,
  0x00, 0xFE, 0x00, 0x00, 0x00, 0x00, 0x00, 0xFE, 0x00, 0x00, 0x00, 0x00,
  0x00, 0xFE, 0x00, 0x00, 0x00, 0x00, 0x00, 0xFE, 0x00, 0x00, 0x00, 0x00,
  0x00, 0xFE, 0x00, 0x00, 0x00, 0x00, 0x00, 0xFE, 0x00, 0x00, 0x00, 0x00,
  0x00, 0xFE, 0x00, 0x00, 0x00, 0x00, 0x00, 0xFE, 0x00, 0x00, 0x00, 0x00,
  0x00, 0xFE, 0x00, 0x00, 0x00, 0x00, 0x00, 0xFE, 0x00, 0x00, 0x00, 0x00,
  0x00, 0xFE, 0x00, 0x00, 0x00, 0x00, 0x00, 0xFE, 0x00, 0x00, 0x00, 0x00,
  0x00, 0xFE, 0x00, 0x00, 0x00, 0x00, 0x00, 0xFE, 0x00, 0x00, 0x00, 0x00,
  0x00, 0xFE, 0x00, 0x00, 0x00, 0x00, 0x00, 0xFE, 0x00, 0x00, 0x00, 0x00,
  0x00, 0xFE, 0x00, 0x00, 0x00, 0x00, 0x00, 0xFE, 0x00, 0x00, 0x00, 0x00,
  0x00, 0xFE, 0x00, 0x00, 0x00, 0x00, 0x00, 0xFE, 0x00, 0x00, 0x00, 0x00,
  0x00, 0xFE, 0x00, 0x00, 0x00, 0x00, 0x00, 0xFE, 0x00, 0x00, 0x00, 0x00,
  0x00, 0xFE, 0x00, 0x00, 0x00, 0x00, 0x00, 0xFE, 0x00, 0x00, 0x00, 0x00,
  0x00, 0xFE, 0x00, 0x00, 0x00, 0x00, 0x00, 0xFC, 0x00, 0x00, 0x00, 0x00,
  0x00, 0xF8, 0x00, 0x00, 0x00, 0x00, 0x00, 0xF0, 0x00, 0x00, 0x00, 0x00,
  0x00, 0x60, 0x00, 0x00, 0x00, 0x00, 0x00, 0x07, 0xFF, 0xFF, 0xFF, 0xFF,
  0xE0, 0x0F, 0xFF, 0xFF, 0xFF, 0xFF, 0xF0, 0x1F, 0xFF, 0xFF, 0xFF, 0xFF,
  0xF0, 0x0F, 0xFF, 0xFF, 0xFF, 0xFF, 0xE0, 0x67, 0xFF, 0xFF, 0xFF, 0xFF,
  0xC6, 0xF3, 0xFF, 0xFF, 0xFF, 0xFF, 0x8F, 0xF9, 0xFF, 0xFF, 0xFF, 0xFF,
  0x1F, 0xFC, 0x00, 0x00, 0x00, 0x00, 0x3F, 0xFE, 0x00, 0x00, 0x00, 0x00,
  0x7F, 0xFE, 0x00, 0x00, 0x00, 0x00, 0x7F, 0xFE, 0x00, 0x00, 0x00, 0x00,
  0x7F, 0xFE, 0x00, 0x00, 0x00, 0x00, 0x7F, 0xFE, 0x00, 0x00, 0x00, 0x00,
  0x7F, 0xFE, 0x00, 0x00, 0x00, 0x00, 0x7F, 0xFE, 0x00, 0x00, 0x00, 0x00,
  0x7F, 0xFE, 0x00, 0x00, 0x00, 0x00, 0x7F, 0xFE, 0x00, 0x00, 0x00, 0x00,
  0x7F, 0xFE, 0x00, 0x00, 0x00, 0x00, 0x7F, 0xFE, 0x00, 0x00, 0x00, 0x00,
  0x7F, 0xFE, 0x00, 0x00, 0x00, 0x00, 0x7F, 0xFE, 0x00, 0x00, 0x00, 0x00,
  0x7F, 0xFE, 0x00, 0x00, 0x00, 0x00, 0x7F, 0xFE, 0x00, 0x00, 0x00, 0x00,
  0x7F, 0xFE, 0x00, 0x00, 0x00, 0x00, 0x7F, 0xFE, 0x00, 0x00, 0x00, 0x00,
  0x7F, 0xFE, 0x00, 0x00, 0x00, 0x00, 0x7F, 0xFE, 0x00, 0x00, 0x00, 0x00,
  0x7F, 0xFE, 0x00, 0x00, 0x00, 0x00, 0x7F, 0xFE, 0x00, 0x00, 0x00, 0x00,
  0x7F, 0xFE, 0x00, 0x00, 0x00, 0x00, 0x7F, 0xFE, 0x00, 0x00, 0x00, 0x00,
  0x7F, 0xFE, 0x00, 0x00, 0x00, 0x00, 0x7F, 0xFE, 0x00, 0x00, 0x00, 0x00,
  0x7F, 0xFE, 0x00, 0x00, 0x00, 0x00, 0x7F, 0xFC, 0x00, 0x00, 0x00, 0x00,
  0x3F, 0xF8, 0x00, 0x00, 0x00, 0x00, 0x1F, 0xF0, 0x00, 0x00, 0x00, 0x00,
  0x0F, 0xC0, 0x00, 0x00, 0x00, 0x00, 0x07, 0x00, 0x00, 0x00, 0x00, 0x00,
  0x00, 0x00, 0x00, 0x00, 0x00, 0x00, 0x00, 0xC0, 0x00, 0x00, 0x00, 0x00,
  0x07, 0xF0, 0x00, 0x00, 0x00, 0x00, 0x0F, 0xF8, 0x00, 0x00, 0x00, 0x00,
  0x1F, 0xFC, 0x00, 0x00, 0x00, 0x00, 0x3F, 0xFE, 0x00, 0x00, 0x06, 0x00,
  0x7F, 0xFE, 0x00, 0x00, 0x07, 0x00, 0x7F, 0xFE, 0x00, 0x00, 0x07, 0x00,
  0x7F, 0xFE, 0x00, 0x00, 0x07, 0x80, 0x7F, 0xFE, 0x00, 0x00, 0x07, 0x80,
  0x7F, 0xFE, 0x00, 0x00, 0x07, 0xC0, 0x7F, 0xFE, 0x00, 0x00, 0x07, 0xE0,
  0x7F, 0xFE, 0x00, 0x00, 0x07, 0xE0, 0x7F, 0xFE, 0x00, 0x00, 0x07, 0xF0,
  0x7F, 0xFE, 0x00, 0x00, 0x07, 0xF0, 0x7F, 0xFE, 0x00, 0x00, 0x07, 0xF8,
  0x7F, 0xFE, 0x00, 0x00, 0x07, 0xFC, 0x7F, 0xFE, 0x00, 0x00, 0x03, 0xFC,
  0x7F, 0xFE, 0x00, 0x00, 0x03, 0xFE, 0x7F, 0xFE, 0x00, 0x00, 0x01, 0xFE,
  0x7F, 0xFE, 0x00, 0x00, 0x01, 0xFE, 0x7F, 0xFE, 0x00, 0x00, 0x00, 0xFE,
  0x7F, 0xFE, 0x00, 0x00, 0x00, 0x7E, 0x7F, 0xFE, 0x00, 0x00, 0x00, 0x7E,
  0x7F, 0xFE, 0x00, 0x00, 0x00, 0x3E, 0x7F, 0xFE, 0x00, 0x00, 0x00, 0x3E,
  0x7F, 0xFE, 0x00, 0x00, 0x00, 0x1E, 0x7F, 0xFE, 0x00, 0x00, 0x00, 0x0E,
  0x7F, 0xFE, 0x00, 0x00, 0x00, 0x0E, 0x7F, 0xFE, 0x00, 0x00, 0x00, 0x06,
  0x7F, 0xFE, 0x00, 0x00, 0x00, 0x00, 0x7F, 0xFC, 0x00, 0x00, 0x00, 0x00,
  0x3F, 0xF9, 0xFF, 0xFF, 0xFF, 0xFF, 0x1F, 0xF3, 0xFF, 0xFF, 0xFF, 0xFF,
  0x8F, 0x67, 0xFF, 0xFF, 0xFF, 0xFF, 0xC6, 0x0F, 0xFF, 0xFF, 0xFF, 0xFF,
  0xE0, 0x1F, 0xFF, 0xFF, 0xFF, 0xFF, 0xF0, 0x0F, 0xFF, 0xFF, 0xFF, 0xFF,
  0xF0, 0x07, 0xFF, 0xFF, 0xFF, 0xFF, 0xE0, 0x07, 0xFF, 0xFF, 0xFF, 0xFF,
  0xE0, 0x0F, 0xFF, 0xFF, 0xFF, 0xFF, 0xF0, 0x1F, 0xFF, 0xFF, 0xFF, 0xFF,
  0xF0, 0x0F, 0xFF, 0xFF, 0xFF, 0xFF, 0xE0, 0x67, 0xFF, 0xFF, 0xFF, 0xFF,
  0xC6, 0xF3, 0xFF, 0xFF, 0xFF, 0xFF, 0x8F, 0xF9, 0xFF, 0xFF, 0xFF, 0xFF,
  0x1F, 0xFC, 0x00, 0x00, 0x00, 0x00, 0x3F, 0xFE, 0x00, 0x00, 0x00, 0x00,
  0x7F, 0xFE, 0x00, 0x00, 0x00, 0x00, 0x7F, 0xFE, 0x00, 0x00, 0x00, 0x00,
  0x7F, 0xFE, 0x00, 0x00, 0x00, 0x00, 0x7F, 0xFE, 0x00, 0x00, 0x00, 0x00,
  0x7F, 0xFE, 0x00, 0x00, 0x00, 0x00, 0x7F, 0xFE, 0x00, 0x00, 0x00, 0x00,
  0x7F, 0xFE, 0x00, 0x00, 0x00, 0x00, 0x7F, 0xFE, 0x00, 0x00, 0x00, 0x00,
  0x7F, 0xFE, 0x00, 0x00, 0x00, 0x00, 0x7F, 0xFE, 0x00, 0x00, 0x00, 0x00,
  0x7F, 0xFE, 0x00, 0x00, 0x00, 0x00, 0x7F, 0xFE, 0x00, 0x00, 0x00, 0x00,
  0x7F, 0xFE, 0x00, 0x00, 0x00, 0x00, 0x7F, 0xFE, 0x00, 0x00, 0x00, 0x00,
  0x7F, 0xFE, 0x00, 0x00, 0x00, 0x00, 0x7F, 0xFE, 0x00, 0x00, 0x00, 0x00,
  0x7F, 0xFE, 0x00, 0x00, 0x00, 0x00, 0x7F, 0xFE, 0x00, 0x00, 0x00, 0x00,
  0x7F, 0xFE, 0x00, 0x00, 0x00, 0x00, 0x7F, 0xFE, 0x00, 0x00, 0x00, 0x00,
  0x7F, 0xFE, 0x00, 0x00, 0x00, 0x00, 0x7F, 0xFE, 0x00, 0x00, 0x00, 0x00,
  0x7F, 0xFE, 0x00, 0x00, 0x00, 0x00, 0x7F, 0xFE, 0x00, 0x00, 0x00, 0x00,
  0x7F, 0xFE, 0x00, 0x00, 0x00, 0x00, 0x7F, 0xFC, 0x00, 0x00, 0x00, 0x00,
  0x3F, 0xF9, 0xFF, 0xF8, 0x1F, 0xFF, 0x9F, 0xF3, 0xFF, 0xF8, 0x3F, 0xFF,
  0xCF, 0xC7, 0xFF, 0xFC, 0x3F, 0xFF, 0xE7, 0x0F, 0xFF, 0xFE, 0x7F, 0xFF,
  0xF0, 0x0F, 0xFF, 0xFE, 0x7F, 0xFF, 0xF0, 0xC7, 0xFF, 0xFC, 0x3F, 0xFF,
  0xE0, 0xF3, 0xFF, 0xF8, 0x3F, 0xFF, 0xC0, 0xF9, 0xFF, 0xF8, 0x1F, 0xFF,
  0x80, 0xFC, 0x00, 0x00, 0x00, 0x00, 0x00, 0xFE, 0x00, 0x00, 0x06, 0x00,
  0x00, 0xFE, 0x00, 0x00, 0x07, 0x00, 0x00, 0xFE, 0x00, 0x00, 0x07, 0x00,
  0x00, 0xFE, 0x00, 0x00, 0x07, 0x80, 0x00, 0xFE, 0x00, 0x00, 0x07, 0x80,
  0x00, 0xFE, 0x00, 0x00, 0x07, 0xC0, 0x00, 0xFE, 0x00, 0x00, 0x07, 0xE0,
  0x00, 0xFE, 0x00, 0x00, 0x07, 0xE0, 0x00, 0xFE, 0x00, 0x00, 0x07, 0xF0,
  0x00, 0xFE, 0x00, 0x00, 0x07, 0xF0, 0x00, 0xFE, 0x00, 0x00, 0x07, 0xF8,
  0x00, 0xFE, 0x00, 0x00, 0x07, 0xFC, 0x00, 0xFE, 0x00, 0x00, 0x03, 0xFC,
  0x00, 0xFE, 0x00, 0x00, 0x03, 0xFE, 0x00, 0xFE, 0x00, 0x00, 0x01, 0xFE,
  0x00, 0xFE, 0x00, 0x00, 0x01, 0xFE, 0x00, 0xFE, 0x00, 0x00, 0x00, 0xFE,
  0x00, 0xFE, 0x00, 0x00, 0x00, 0x7E, 0x00, 0xFE, 0x00, 0x00, 0x00, 0x7E,
  0x00, 0xFE, 0x00, 0x00, 0x00, 0x3E, 0x00, 0xFE, 0x00, 0x00, 0x00, 0x3E,
  0x00, 0xFE, 0x00, 0x00, 0x00, 0x1E, 0x00, 0xFE, 0x00, 0x00, 0x00, 0x0E,
  0x00, 0xFE, 0x00, 0x00, 0x00, 0x0E, 0x00, 0xFE, 0x00, 0x00, 0x00, 0x06,
  0x00, 0xFE, 0x00, 0x00, 0x00, 0x00, 0x00, 0xFC, 0x00, 0x00, 0x00, 0x00,
  0x00, 0xF8, 0x00, 0x00, 0x00, 0x00, 0x00, 0xF0, 0x00, 0x00, 0x00, 0x00,
  0x00, 0x60, 0x00, 0x00, 0x00, 0x00, 0x00, 0x07, 0xFF, 0xFF, 0xFF, 0xFF,
  0xE0, 0x0F, 0xFF, 0xFF, 0xFF, 0xFF, 0xF0, 0x1F, 0xFF, 0xFF, 0xFF, 0xFF,
  0xF0, 0x0F, 0xFF, 0xFF, 0xFF, 0xFF, 0xE0, 0x67, 0xFF, 0xFF, 0xFF, 0xFF,
  0xC0, 0xF3, 0xFF, 0xFF, 0xFF, 0xFF, 0x80, 0xF9, 0xFF, 0xFF, 0xFF, 0xFF,
  0x00, 0xFC, 0x00, 0x00, 0x00, 0x00, 0x00, 0xFE, 0x00, 0x00, 0x00, 0x00,
  0x00, 0xFE, 0x60, 0x00, 0x00, 0x00, 0x00, 0xFE, 0x70, 0x00, 0x00, 0x00,
  0x00, 0xFE, 0x70, 0x00, 0x00, 0x00, 0x00, 0xFE, 0x78, 0x00, 0x00, 0x00,
  0x00, 0xFE, 0x78, 0x00, 0x00, 0x00, 0x00, 0xFE, 0x7C, 0x00, 0x00, 0x00,
  0x00, 0xFE, 0x7C, 0x00, 0x00, 0x00, 0x00, 0xFE, 0x7E, 0x00, 0x00, 0x00,
  0x00, 0xFE, 0x7F, 0x00, 0x00, 0x00, 0x00, 0xFE, 0x7F, 0x00, 0x00, 0x00,
  0x00, 0xFE, 0x7F, 0x80, 0x00, 0x00, 0x00, 0xFE, 0x7F, 0x80, 0x00, 0x00,
  0x00, 0xFE, 0x3F, 0xC0, 0x00, 0x00, 0x00, 0xFE, 0x3F, 0xC0, 0x00, 0x00,
  0x00, 0xFE, 0x1F, 0xE0, 0x00, 0x00, 0x00, 0xFE, 0x1F, 0xE0, 0x00, 0x00,
  0x00, 0xFE, 0x0F, 0xE0, 0x00, 0x00, 0x00, 0xFE, 0x0F, 0xE0, 0x00, 0x00,
  0x00, 0xFE, 0x07, 0xE0, 0x00, 0x00, 0x00, 0xFE, 0x03, 0xE0, 0x00, 0x00,
  0x00, 0xFE, 0x03, 0xE0, 0x00, 0x00, 0x00, 0xFE, 0x01, 0xE0, 0x00, 0x00,
  0x00, 0xFE, 0x01, 0xE0, 0x00, 0x00, 0x00, 0xFE, 0x00, 0xE0, 0x00, 0x00,
  0x00, 0xFE, 0x00, 0xE0, 0x00, 0x00, 0x00, 0xFC, 0x00, 0x00, 0x00, 0x00,
  0x00, 0xF9, 0xFF, 0xF8, 0x1F, 0xFF, 0x80, 0xF3, 0xFF, 0xF8, 0x3F, 0xFF,
  0xC0, 0xC7, 0xFF, 0xFC, 0x3F, 0xFF, 0xE0, 0x0F, 0xFF, 0xFE, 0x7F, 0xFF,
  0xF0, 0x0F, 0xFF, 0xFE, 0x7F, 0xFF, 0xF0, 0x07, 0xFF, 0xFC, 0x3F, 0xFF,
  0xE7, 0x03, 0xFF, 0xF8, 0x3F, 0xFF, 0xCF, 0x01, 0xFF, 0xF8, 0x1F, 0xFF,
  0x9F, 0x00, 0x00, 0x00, 0x00, 0x00, 0x3F, 0x00, 0x00, 0x00, 0x06, 0x00,
  0x7F, 0x00, 0x00, 0x00, 0x07, 0x00, 0x7F, 0x00, 0x00, 0x00, 0x07, 0x00,
  0x7F, 0x00, 0x00, 0x00, 0x07, 0x80, 0x7F, 0x00, 0x00, 0x00, 0x07, 0x80,
  0x7F, 0x00, 0x00, 0x00, 0x07, 0xC0, 0x7F, 0x00, 0x00, 0x00, 0x07, 0xE0,
  0x7F, 0x00, 0x00, 0x00, 0x07, 0xE0, 0x7F, 0x00, 0x00, 0x00, 0x07, 0xF0,
  0x7F, 0x00, 0x00, 0x00, 0x07, 0xF0, 0x7F, 0x00, 0x00, 0x00, 0x07, 0xF8,
  0x7F, 0x00, 0x00, 0x00, 0x07, 0xFC, 0x7F, 0x00, 0x00, 0x00, 0x03, 0xFC,
  0x7F, 0x00, 0x00, 0x00, 0x03, 0xFE, 0x7F, 0x00, 0x00, 0x00, 0x01, 0xFE,
  0x7F, 0x00, 0x00, 0x00, 0x01, 0xFE, 0x7F, 0x00, 0x00, 0x00, 0x00, 0xFE,
  0x7F, 0x00, 0x00, 0x00, 0x00, 0x7E, 0x7F, 0x00, 0x00, 0x00, 0x00, 0x7E,
  0x7F, 0x00, 0x00, 0x00, 0x00, 0x3E, 0x7F, 0x00, 0x00, 0x00, 0x00, 0x3E,
  0x7F, 0x00, 0x00, 0x00, 0x00, 0x1E, 0x7F, 0x00, 0x00, 0x00, 0x00, 0x0E,
  0x7F, 0x00, 0x00, 0x00, 0x00, 0x0E, 0x7F, 0x00, 0x00, 0x00, 0x00, 0x06,
  0x7F, 0x00, 0x00, 0x00, 0x00, 0x00, 0x7F, 0x00, 0x00, 0x00, 0x00, 0x00,
  0x3F, 0x01, 0xFF, 0xFF, 0xFF, 0xFF, 0x1F, 0x03, 0xFF, 0xFF, 0xFF, 0xFF,
  0x8F, 0x07, 0xFF, 0xFF, 0xFF, 0xFF, 0xC6, 0x0F, 0xFF, 0xFF, 0xFF, 0xFF,
  0xE0, 0x1F, 0xFF, 0xFF, 0xFF, 0xFF, 0xF0, 0x0F, 0xFF, 0xFF, 0xFF, 0xFF,
  0xF0, 0x07, 0xFF, 0xFF, 0xFF, 0xFF, 0xE0, 0x3F, 0xFF, 0xFF, 0xFF, 0xFF,
  0x3F, 0xFF, 0xFF, 0xFF, 0xFF, 0xFF, 0xFF, 0xFF, 0xFF, 0xFF, 0xEF, 0xFF,
  0xFF, 0xFF, 0xFF, 0xE3, 0xFF, 0xFF, 0xFF, 0xFF, 0xE0, 0xFF, 0xFF, 0xFF,
  0xFF, 0xE0, 0x3F, 0xFF, 0xFF, 0xFF, 0xE0, 0x00, 0x00, 0x00, 0x00, 0x00,
  0x00, 0x00, 0x00, 0x00, 0x00, 0x00, 0x00, 0x3F, 0x80, 0x00, 0x00, 0x00,
  0x1F, 0xC0, 0x00, 0x00, 0x00, 0x0F, 0xE0, 0x00, 0x00, 0x00, 0x07, 0xF0,
  0x00, 0x00, 0x00, 0x03, 0xF8, 0x00, 0x00, 0x00, 0x01, 0xFC, 0x00, 0x00,
  0x00, 0x00, 0xFE, 0x00, 0x00, 0x00, 0x00, 0x7F, 0x00, 0x00, 0x00, 0x00,
  0x3F, 0x80, 0x00, 0x00, 0x00, 0x1F, 0xC0, 0x00, 0x00, 0x00, 0x0F, 0xE0,
  0x00, 0x00, 0x00, 0x07, 0xF0, 0x00, 0x00, 0x00, 0x03, 0xF8, 0x00, 0x00,
  0x00, 0x01, 0xFC, 0x00, 0x00, 0x00, 0x00, 0xFE, 0x00, 0x00, 0x00, 0x00,
  0x7F, 0x00, 0x00, 0x00, 0x00, 0x3F, 0x80, 0x00, 0x00, 0x00, 0x1F, 0xC0,
  0x00, 0x00, 0x00, 0x0F, 0xE0, 0x00, 0x00, 0x00, 0x07, 0xF0, 0x00, 0x00,
  0x00, 0x03, 0xF8, 0x00, 0x00, 0x00, 0x01, 0xFC, 0x00, 0x00, 0x00, 0x00,
  0xFE, 0x00, 0x00, 0x00, 0x00, 0x3F, 0x00, 0x00, 0x00, 0x00, 0x0F, 0x00,
  0x00, 0x00, 0x00, 0x07, 0x00, 0x00, 0x00, 0x00, 0x01, 0x80, 0x00, 0x00,
  0x00, 0x00, 0x80, 0x00, 0x00, 0x00, 0x00, 0x00, 0x00, 0x00, 0x00, 0x00,
  0x00, 0x00, 0x00, 0x00, 0x00, 0x00, 0x00, 0x00, 0x00, 0x00, 0x00, 0x00,
  0x00, 0x00, 0x00, 0x04, 0x00, 0x00, 0x00, 0x00, 0x03, 0x00, 0x00, 0x00,
  0x00, 0x03, 0x80, 0x00, 0x00, 0x00, 0x01, 0xE0, 0x00, 0x00, 0x00, 0x01,
  0xF8, 0x00, 0x00, 0x00, 0x01, 0xFC, 0x00, 0x00, 0x00, 0x00, 0xFE, 0x00,
  0x00, 0x00, 0x00, 0x7F, 0x00, 0x00, 0x00, 0x00, 0x3F, 0x80, 0x00, 0x00,
  0x00, 0x1F, 0xC0, 0x00, 0x00, 0x00, 0x0F, 0xE0, 0x00, 0x00, 0x00, 0x07,
  0xF0, 0x00, 0x00, 0x00, 0x03, 0xF8, 0x00, 0x00, 0x00, 0x01, 0xFC, 0x00,
  0x00, 0x00, 0x00, 0xFE, 0x00, 0x00, 0x00, 0x00, 0x7F, 0x00, 0x00, 0x00,
  0x00, 0x3F, 0x80, 0x00, 0x00, 0x00, 0x1F, 0xC0, 0x00, 0x00, 0x00, 0x0F,
  0xE0, 0x00, 0x00, 0x00, 0x07, 0xF0, 0x00, 0x00, 0x00, 0x03, 0xF8, 0x00,
  0x00, 0x00, 0x01, 0xFC, 0x00, 0x00, 0x00, 0x00, 0xFE, 0x00, 0x00, 0x00,
  0x00, 0x7F, 0x00, 0x00, 0x00, 0x00, 0x3F, 0x80, 0x00, 0x00, 0x00, 0x1F,
  0xC0, 0x00, 0x00, 0x00, 0x0F, 0xE0, 0x00, 0x00, 0x00, 0x07, 0xF0, 0x00,
  0x00, 0x60, 0x00, 0x00, 0x00, 0x00, 0x06, 0xF0, 0x00, 0x00, 0x00, 0x00,
  0x0F, 0xF8, 0x00, 0x00, 0x00, 0x00, 0x1F, 0xFC, 0x00, 0x00, 0x00, 0x00,
  0x3F, 0xFE, 0x00, 0x00, 0x00, 0x00, 0x7F, 0xFE, 0x00, 0x00, 0x00, 0x00,
  0x7F, 0xFE, 0x00, 0x00, 0x00, 0x00, 0x7F, 0xFE, 0x00, 0x00, 0x00, 0x00,
  0x7F, 0xFE, 0x00, 0x00, 0x00, 0x00, 0x7F, 0xFE, 0x00, 0x00, 0x00, 0x00,
  0x7F, 0xFE, 0x00, 0x00, 0x00, 0x00, 0x7F, 0xFE, 0x00, 0x00, 0x00, 0x00,
  0x7F, 0xFE, 0x00, 0x00, 0x00, 0x00, 0x7F, 0xFE, 0x00, 0x00, 0x00, 0x00,
  0x7F, 0xFE, 0x00, 0x00, 0x00, 0x00, 0x7F, 0xFE, 0x00, 0x00, 0x00, 0x00,
  0x7F, 0xFE, 0x00, 0x00, 0x00, 0x00, 0x7F, 0xFE, 0x00, 0x00, 0x00, 0x00,
  0x7F, 0xFE, 0x00, 0x00, 0x00, 0x00, 0x7F, 0xFE, 0x00, 0x00, 0x00, 0x00,
  0x7F, 0xFE, 0x00, 0x00, 0x00, 0x00, 0x7F, 0xFE, 0x00, 0x00, 0x00, 0x00,
  0x7F, 0xFE, 0x00, 0x00, 0x00, 0x00, 0x7F, 0xFE, 0x00, 0x00, 0x00, 0x00,
  0x7F, 0xFE, 0x00, 0x00, 0x00, 0x00, 0x7F, 0xFE, 0x00, 0x00, 0x00, 0x00,
  0x7F, 0xFE, 0x00, 0x00, 0x00, 0x00, 0x7F, 0xFE, 0x00, 0x00, 0x00, 0x00,
  0x7F, 0xFE, 0x00, 0x00, 0x00, 0x00, 0x7F, 0xFE, 0x00, 0x00, 0x00, 0x00,
  0x7F, 0xFC, 0x00, 0x00, 0x00, 0x00, 0x3F, 0xF8, 0x00, 0x00, 0x00, 0x00,
  0x1F, 0xF0, 0x00, 0x00, 0x00, 0x00, 0x0F, 0xC0, 0x00, 0x00, 0x00, 0x00,
  0x07, 0x00, 0x00, 0x00, 0x00, 0x00, 0x00, 0x00, 0x00, 0x00, 0x00, 0x00,
  0x00, 0xC0, 0x00, 0x00, 0x00, 0x00, 0x07, 0xF0, 0x00, 0x00, 0x00, 0x00,
  0x0F, 0xF8, 0x00, 0x00, 0x00, 0x00, 0x1F, 0xFC, 0x00, 0x00, 0x00, 0x00,
  0x3F, 0xFE, 0x00, 0x00, 0x00, 0x00, 0x7F, 0xFE, 0x00, 0x00, 0x00, 0x00,
  0x7F, 0xFE, 0x00, 0x00, 0x00, 0x00, 0x7F, 0xFE, 0x00, 0x00, 0x00, 0x00,
  0x7F, 0xFE, 0x00, 0x00, 0x00, 0x00, 0x7F, 0xFE, 0x00, 0x00, 0x00, 0x00,
  0x7F, 0xFE, 0x00, 0x00, 0x00, 0x00, 0x7F, 0xFE, 0x00, 0x00, 0x00, 0x00,
  0x7F, 0xFE, 0x00, 0x00, 0x00, 0x00, 0x7F, 0xFE, 0x00, 0x00, 0x00, 0x00,
  0x7F, 0xFE, 0x00, 0x00, 0x00, 0x00, 0x7F, 0xFE, 0x00, 0x00, 0x00, 0x00,
  0x7F, 0xFE, 0x00, 0x00, 0x00, 0x00, 0x7F, 0xFE, 0x00, 0x00, 0x00, 0x00,
  0x7F, 0xFE, 0x00, 0x00, 0x00, 0x00, 0x7F, 0xFE, 0x00, 0x00, 0x00, 0x00,
  0x7F, 0xFE, 0x00, 0x00, 0x00, 0x00, 0x7F, 0xFE, 0x00, 0x00, 0x00, 0x00,
  0x7F, 0xFE, 0x00, 0x00, 0x00, 0x00, 0x7F, 0xFE, 0x00, 0x00, 0x00, 0x00,
  0x7F, 0xFE, 0x00, 0x00, 0x00, 0x00, 0x7F, 0xFE, 0x00, 0x00, 0x00, 0x00,
  0x7F, 0xFE, 0x00, 0x00, 0x00, 0x00, 0x7F, 0xFE, 0x00, 0x00, 0x00, 0x00,
  0x7F, 0xFE, 0x00, 0x00, 0x00, 0x00, 0x7F, 0xFE, 0x00, 0x00, 0x00, 0x00,
  0x7F, 0xFC, 0x00, 0x00, 0x00, 0x00, 0x3F, 0xF9, 0xFF, 0xFF, 0xFF, 0xFF,
  0x1F, 0xF3, 0xFF, 0xFF, 0xFF, 0xFF, 0x8F, 0x67, 0xFF, 0xFF, 0xFF, 0xFF,
  0xC6, 0x0F, 0xFF, 0xFF, 0xFF, 0xFF, 0xE0, 0x1F, 0xFF, 0xFF, 0xFF, 0xFF,
  0xF0, 0x0F, 0xFF, 0xFF, 0xFF, 0xFF, 0xF0, 0x07, 0xFF, 0xFF, 0xFF, 0xFF,
  0xE0, 0x60, 0x00, 0x00, 0x00, 0x01, 0xE0, 0x00, 0x00, 0x00, 0x03, 0xE0,
  0x00, 0x00, 0x00, 0x07, 0xE0, 0x00, 0x00, 0x00, 0x0F, 0xE0, 0x00, 0x00,
  0x00, 0x1F, 0xC0, 0x00, 0x00, 0x00, 0xFF, 0x80, 0x00, 0x00, 0x03, 0xFF,
  0x00, 0x00, 0x00, 0x07, 0xFE, 0x00, 0x00, 0x00, 0x1F, 0xFC, 0x00, 0x00,
  0x00, 0x7F, 0xF8, 0x00, 0x00, 0x00, 0xFF, 0xF0, 0x00, 0x00, 0x03, 0xFF,
  0xE0, 0x00, 0x00, 0x07, 0xFF, 0xC0, 0x00, 0x00, 0x1F, 0xFF, 0x80, 0x00,
  0x00, 0x7F, 0xFF, 0x00, 0x00, 0x00, 0xFF, 0xFE, 0x00, 0x00, 0x03, 0xFF,
  0xFC, 0x00, 0x00, 0x07, 0xFB, 0xF8, 0x00, 0x00, 0x1F, 0xF7, 0xF0, 0x00,
  0x00, 0x3F, 0xCF, 0xE0, 0x00, 0x00, 0x7F, 0x1F, 0xC0, 0x00, 0x00, 0xFE,
  0x3F, 0x80, 0x00, 0x01, 0xF8, 0x7F, 0x00, 0x00, 0x03, 0xF0, 0xFE, 0x00,
  0x00, 0x07, 0xC1, 0xFC, 0x00, 0x00, 0x0F, 0x83, 0xF8, 0x00, 0x00, 0x1E,
  0x07, 0xF0, 0x00, 0x00, 0x38, 0x0F, 0xE0, 0x00, 0x00, 0x70, 0x1F, 0xC0,
  0x00, 0x00, 0xC0, 0x3F, 0x00, 0x00, 0x00, 0x00, 0x7C, 0x00, 0x00, 0x00,
  0x00, 0xF0, 0x00, 0x00, 0x00, 0x01, 0x80, 0x00, 0x00, 0x00, 0x00, 0x00,
  0x00, 0x00, 0x00, 0x00, 0x00, 0x00, 0x00, 0x00, 0x0C, 0x00, 0x00, 0x00,
  0x00, 0x1E, 0x00, 0x00, 0x00, 0x00, 0x3E, 0x00, 0x00, 0x00, 0x00, 0x7E,
  0x00, 0x00, 0x00, 0x00, 0xFE, 0x00, 0xE0, 0x00, 0x01, 0xFC, 0x01, 0xC0,
  0x00, 0x03, 0xF8, 0x07, 0x80, 0x00, 0x07, 0xF0, 0x0F, 0x00, 0x00, 0x0F,
  0xE0, 0x3E, 0x00, 0x00, 0x1F, 0xC0, 0x7C, 0x00, 0x00, 0x3F, 0x81, 0xF8,
  0x00, 0x00, 0x7F, 0x07, 0xF0, 0x00, 0x00, 0xFE, 0x0F, 0xE0, 0x00, 0x01,
  0xFC, 0x3F, 0xC0, 0x00, 0x03, 0xF8, 0x7F, 0x80, 0x00, 0x07, 0xF1, 0xFE,
  0x00, 0x00, 0x0F, 0xE7, 0xFC, 0x00, 0x00, 0x1F, 0xCF, 0xF0, 0x00, 0x00,
  0x3F, 0x9F, 0xE0, 0x00, 0x00, 0x7F, 0x3F, 0x80, 0x00, 0x00, 0xFE, 0x7F,
  0x00, 0x00, 0x01, 0xFC, 0xFC, 0x00, 0x00, 0x03, 0xF9, 0xF0, 0x00, 0x00,
  0x07, 0xF3, 0xE0, 0x00, 0x00, 0x0F, 0xE7, 0x80, 0x00, 0x00, 0x1F, 0xCF,
  0x00, 0x00, 0x00, 0x3F, 0x9C, 0x00, 0x00, 0x00, 0x7F, 0x38, 0x00, 0x00,
  0x00, 0xFE, 0x60, 0x00, 0x00, 0x01, 0xFC, 0x00, 0x00, 0x00, 0x03, 0xF0,
  0x00, 0x00, 0x00, 0x07, 0xC0, 0x00, 0x00, 0x00, 0x0F, 0x00, 0x00, 0x00,
  0x00, 0x0C, 0x00, 0x00, 0x00, 0x00, 0x00, 0x60, 0x00, 0x00, 0x00, 0x00,
  0x06, 0xF0, 0x00, 0x00, 0x00, 0x00, 0x0F, 0xF8, 0x00, 0x00, 0x00, 0x00,
  0x1F, 0xFC, 0x00, 0x00, 0x00, 0x00, 0x3F, 0xFE, 0x00, 0x00, 0x00, 0x00,
  0x7F, 0xFE, 0x00, 0x0F, 0xE0, 0x00, 0x7F, 0xFE, 0x00, 0x0F, 0xE0, 0x00,
  0x7F, 0xFE, 0x00, 0x0F, 0xE0, 0x00, 0x7F, 0xFE, 0x00, 0x0F, 0xE0, 0x00,
  0x7F, 0xFE, 0x00, 0x0F, 0xE0, 0x00, 0x7F, 0xFE, 0x00, 0x0F, 0xE0, 0x00,
  0x7F, 0xFE, 0x00, 0x0F, 0xE0, 0x00, 0x7F, 0xFE, 0x00, 0x0F, 0xE0, 0x00,
  0x7F, 0xFE, 0x00, 0x0F, 0xE0, 0x00, 0x7F, 0xFE, 0x00, 0x0F, 0xE0, 0x00,
  0x7F, 0xFE, 0x00, 0x0F, 0xE0, 0x00, 0x7F, 0xFE, 0x00, 0x0F, 0xE0, 0x00,
  0x7F, 0xFE, 0x00, 0x0F, 0xE0, 0x00, 0x7F, 0xFE, 0x00, 0x0F, 0xE0, 0x00,
  0x7F, 0xFE, 0x00, 0x0F, 0xE0, 0x00, 0x7F, 0xFE, 0x00, 0x0F, 0xE0, 0x00,
  0x7F, 0xFE, 0x00, 0x0F, 0xE0, 0x00, 0x7F, 0xFE, 0x00, 0x0F, 0xE0, 0x00,
  0x7F, 0xFE, 0x00, 0x0F, 0xE0, 0x00, 0x7F, 0xFE, 0x00, 0x0F, 0xE0, 0x00,
  0x7F, 0xFE, 0x00, 0x0F, 0xE0, 0x00, 0x7F, 0xFE, 0x00, 0x0F, 0xE0, 0x00,
  0x7F, 0xFE, 0x00, 0x0F, 0xE0, 0x00, 0x7F, 0xFE, 0x00, 0x07, 0xE0, 0x00,
  0x7F, 0xFE, 0x00, 0x03, 0xC0, 0x00, 0x7F, 0xFC, 0x00, 0x03, 0x80, 0x00,
  0x3F, 0xF8, 0x00, 0x01, 0x80, 0x00, 0x1F, 0xF0, 0x00, 0x01, 0x00, 0x00,
  0x0F, 0xC0, 0x00, 0x00, 0x00, 0x00, 0x07, 0x00, 0x00, 0x00, 0x00, 0x00,
  0x00, 0x00, 0x00, 0x00, 0x00, 0x00, 0x00, 0xC0, 0x00, 0x00, 0x00, 0x00,
  0x07, 0xF0, 0x00, 0x00, 0x00, 0x00, 0x0F, 0xF8, 0x00, 0x00, 0x00, 0x00,
  0x1F, 0xFC, 0x00, 0x00, 0x00, 0x00, 0x3F, 0xFE, 0x00, 0xE0, 0x06, 0x00,
  0x7F, 0xFE, 0x00, 0xE0, 0x07, 0x00, 0x7F, 0xFE, 0x01, 0xE0, 0x07, 0x00,
  0x7F, 0xFE, 0x01, 0xE0, 0x07, 0x80, 0x7F, 0xFE, 0x03, 0xE0, 0x07, 0x80,
  0x7F, 0xFE, 0x03, 0xE0, 0x07, 0xC0, 0x7F, 0xFE, 0x07, 0xE0, 0x07, 0xE0,
  0x7F, 0xFE, 0x0F, 0xE0, 0x07, 0xE0, 0x7F, 0xFE, 0x0F, 0xE0, 0x07, 0xF0,
  0x7F, 0xFE, 0x1F, 0xE0, 0x07, 0xF0, 0x7F, 0xFE, 0x1F, 0xE0, 0x07, 0xF8,
  0x7F, 0xFE, 0x3F, 0xC0, 0x07, 0xFC, 0x7F, 0xFE, 0x7F, 0xC0, 0x03, 0xFC,
  0x7F, 0xFE, 0x7F, 0x80, 0x03, 0xFE, 0x7F, 0xFE, 0x7F, 0x80, 0x01, 0xFE,
  0x7F, 0xFE, 0x7F, 0x00, 0x01, 0xFE, 0x7F, 0xFE, 0x7F, 0x00, 0x00, 0xFE,
  0x7F, 0xFE, 0x7E, 0x00, 0x00, 0x7E, 0x7F, 0xFE, 0x7C, 0x00, 0x00, 0x7E,
  0x7F, 0xFE, 0x7C, 0x00, 0x00, 0x3E, 0x7F, 0xFE, 0x78, 0x00, 0x00, 0x3E,
  0x7F, 0xFE, 0x78, 0x00, 0x00, 0x1E, 0x7F, 0xFE, 0x70, 0x00, 0x00, 0x0E,
  0x7F, 0xFE, 0x70, 0x00, 0x00, 0x0E, 0x7F, 0xFE, 0x60, 0x00, 0x00, 0x06,
  0x7F, 0xFE, 0x00, 0x00, 0x00, 0x00, 0x7F, 0xFC, 0x00, 0x00, 0x00, 0x00,
  0x3F, 0xF8, 0x00, 0x00, 0x00, 0x00, 0x1F, 0xF0, 0x00, 0x00, 0x00, 0x00,
  0x0F, 0x60, 0x00, 0x00, 0x00, 0x00, 0x06, 0xC0, 0x00, 0x00, 0x0F, 0x80,
  0x00, 0x00, 0x7E, 0x00, 0x00, 0x01, 0xFC, 0x00, 0x00, 0x0F, 0xF0, 0x00,
  0x00, 0x7F, 0xE0, 0x00, 0x01, 0xFF, 0x80, 0x00, 0x0F, 0xFF, 0x00, 0x00,
  0x3F, 0xFE, 0x00, 0x01, 0xFF, 0xF8, 0x00, 0x0F, 0xFF, 0xF0, 0x00, 0x3F,
  0xFF, 0xC0, 0x01, 0xFF, 0x7F, 0x80, 0x07, 0xF9, 0xFE, 0x00, 0x3F, 0xE3,
  0xFC, 0x00, 0xFF, 0x0F, 0xF0, 0x03, 0xF8, 0x1F, 0xC0, 0x0F, 0xE0, 0x7F,
  0x00, 0x3F, 0x00, 0xFC, 0x00, 0xFC, 0x01, 0xF0, 0x03, 0xE0, 0x07, 0xC0,
  0x0F, 0x80, 0x0F, 0x00, 0x3C, 0x00, 0x3C, 0x00, 0xE0, 0x00, 0x70, 0x03,
  0x80, 0x01, 0xC0, 0x0C, 0x00, 0x00, 0x00, 0x00, 0x00, 0x00, 0x00, 0x00,
  0x00, 0x00, 0x00, 0x00, 0x00, 0x00, 0x00, 0x00, 0x00, 0x00, 0x00, 0x00,
  0x00, 0x00, 0x00, 0x00, 0x00, 0x00, 0x00, 0x00, 0x00, 0x00, 0x00, 0x00,
  0x00, 0x00, 0x00, 0x00, 0x00, 0x00, 0x00, 0x70, 0x03, 0x00, 0x01, 0xC0,
  0x0E, 0x00, 0x0F, 0x00, 0x38, 0x00, 0x3C, 0x00, 0xF0, 0x01, 0xF0, 0x03,
  0xC0, 0x07, 0xC0, 0x0F, 0x80, 0x3F, 0x00, 0x3F, 0x01, 0xFC, 0x00, 0xFC,
  0x07, 0xF0, 0x03, 0xF8, 0x3F, 0xC0, 0x0F, 0xE0, 0xFF, 0x00, 0x3F, 0xC7,
  0xF8, 0x00, 0xFF, 0xBF, 0xE0, 0x01, 0xFE, 0xFF, 0x00, 0x07, 0xFF, 0xFC,
  0x00, 0x0F, 0xFF, 0xE0, 0x00, 0x3F, 0xFF, 0x80, 0x00, 0x7F, 0xFC, 0x00,
  0x00, 0xFF, 0xE0, 0x00, 0x03, 0xFF, 0x80, 0x00, 0x07, 0xFC, 0x00, 0x00,
  0x1F, 0xF0, 0x00, 0x00, 0x3F, 0x80, 0x00, 0x00, 0x7E, 0x00, 0x00, 0x01,
  0xF0, 0x00, 0x00, 0x03, 0xC0, 0x00, 0x00, 0x0F, 0x80, 0x00, 0x00, 0x7E,
  0x00, 0x00, 0x01, 0xFC, 0x00, 0x00, 0x0F, 0xF0, 0x00, 0x00, 0x7F, 0xE0,
  0x00, 0x01, 0xFF, 0x80, 0x00, 0x0F, 0xFF, 0x00, 0x00, 0x3F, 0xFE, 0x00,
  0x01, 0xFF, 0xF8, 0x00, 0x0F, 0xFF, 0xF0, 0x00, 0x3F, 0xFF, 0xC0, 0x01,
  0xFF, 0x7F, 0x80, 0x07, 0xF9, 0xFE, 0x00, 0x3F, 0xE3, 0xFC, 0x00, 0xFF,
  0x0F, 0xF0, 0x03, 0xF8, 0x1F, 0xC0, 0x0F, 0xE0, 0x7F, 0x00, 0x3F, 0x00,
  0xFC, 0x00, 0xFC, 0x01, 0xF0, 0x03, 0xE0, 0x07, 0xC0, 0x0F, 0x80, 0x0F,
  0x00, 0x3C, 0x00, 0x3C, 0x00, 0xE0, 0x00, 0x70, 0x03, 0x80, 0x01, 0xC0,
  0x0C, 0x00, 0x00, 0x00, 0x00, 0x00, 0x00, 0x00, 0x00, 0x00, 0x00, 0x00,
  0x00, 0x00, 0x00, 0x00, 0x00, 0x00, 0x00, 0x00, 0x00, 0x00, 0x00, 0x00,
  0x00, 0x00, 0x00, 0x00, 0x00, 0x02, 0x00, 0x00, 0x00, 0x0C, 0x00, 0x00,
  0x00, 0x70, 0x00, 0x00, 0x01, 0xE0, 0x00, 0x00, 0x0F, 0xC0, 0x00, 0x00,
  0x7F, 0x00, 0x00, 0x01, 0xFC, 0x00, 0x00, 0x07, 0xF0, 0x00, 0x00, 0x1F,
  0xC0, 0x00, 0x00, 0x7F, 0x00, 0x00, 0x01, 0xFC, 0x00, 0x00, 0x07, 0xF0,
  0x00, 0x00, 0x1F, 0xC0, 0x00, 0x00, 0x7F, 0x00, 0x00, 0x01, 0xFC, 0x00,
  0x00, 0x07, 0xF0, 0x00, 0x00, 0x1F, 0xC0, 0x00, 0x00, 0x7F, 0x00, 0x00,
  0x01, 0xFC, 0x00, 0x00, 0x07, 0xF0, 0x00, 0x00, 0x1F, 0xC0, 0x00, 0x00,
  0x7F, 0x00, 0x00, 0x01, 0xFC, 0x00, 0x00, 0x07, 0xF0, 0x00, 0x00, 0x1F,
  0xC0, 0x00, 0x00, 0x7F, 0x00, 0x00, 0x01, 0xFC, 0x00, 0x00, 0x07, 0xF0,
  0x00, 0x3F, 0xFF, 0xFF, 0xFF, 0xFF, 0x3F, 0xFF, 0xFF, 0xFF, 0xFF, 0xFF,
  0xFF, 0xFF, 0xFF, 0xFF, 0xEF, 0xFF, 0xFF, 0xFF, 0xFF, 0xE3, 0xFF, 0xFF,
  0xFF, 0xFF, 0xE0, 0xFF, 0xFF, 0xFF, 0xFF, 0xE0, 0x3F, 0xFF, 0xFF, 0xFF,
  0xE0, 0x00, 0x00, 0x00, 0x00, 0x00, 0x00, 0x00, 0x00, 0x00, 0x00, 0x00,
  0x00, 0x00, 0x00, 0x18, 0x00, 0x00, 0x00, 0x00, 0x1C, 0x00, 0x00, 0x00,
  0x00, 0x0E, 0x00, 0x00, 0x00, 0x00, 0x0F, 0x00, 0x00, 0x00, 0x00, 0x0F,
  0x80, 0x00, 0x00, 0x00, 0x07, 0xC0, 0x00, 0x00, 0x00, 0x07, 0xE0, 0x00,
  0x00, 0x00, 0x03, 0xF0, 0x00, 0x00, 0x00, 0x03, 0xF8, 0x00, 0x00, 0x00,
  0x03, 0xFC, 0x00, 0x00, 0x00, 0x01, 0xFE, 0x00, 0x00, 0x00, 0x01, 0xFF,
  0x00, 0x00, 0x00, 0x00, 0xFF, 0x00, 0x00, 0x00, 0x00, 0xFF, 0x80, 0x00,
  0x00, 0x00, 0x7F, 0x80, 0x00, 0x00, 0x00, 0x3F, 0x80, 0x00, 0x00, 0x00,
  0x1F, 0xC0, 0x00, 0x00, 0x00, 0x0F, 0xC0, 0x00, 0x00, 0x00, 0x07, 0xE0,
  0x00, 0x00, 0x00, 0x03, 0xE0, 0x00, 0x00, 0x00, 0x01, 0xF0, 0x00, 0x00,
  0x00, 0x00, 0xF0, 0x00, 0x00, 0x00, 0x00, 0x70, 0x00, 0x00, 0x00, 0x00,
  0x38, 0x00, 0x00, 0x00, 0x00, 0x18, 0x00, 0x00, 0x00, 0x00, 0x00, 0x00,
  0x00, 0x00, 0x00, 0x00, 0x00, 0x00, 0x00, 0x00, 0x00, 0x00, 0x00, 0x00,
  0x00, 0x00, 0x00, 0x00, 0x00, 0x00, 0x00, 0x00, 0x00, 0x00, 0x00, 0x00,
  0x00, 0x00, 0x00, 0x00, 0x00, 0x00, 0x00, 0x00, 0x00, 0x00, 0x00, 0x00,
  0x00, 0x00, 0x00, 0x00, 0x00, 0x00, 0x00, 0x00, 0x00, 0x00, 0x00, 0x00,
  0x70, 0x00, 0x00, 0x00, 0x00, 0x38, 0x00, 0x00, 0x00, 0x00, 0x3C, 0x00,
  0x00, 0x00, 0x00, 0x1E, 0x00, 0x00, 0x00, 0x00, 0x1F, 0x00, 0x00, 0x00,
  0x00, 0x0F, 0x80, 0x00, 0x00, 0x00, 0x0F, 0xC0, 0x00, 0x00, 0x00, 0x0F,
  0xE0, 0x00, 0x00, 0x00, 0x07, 0xF0, 0x00, 0x00, 0x00, 0x07, 0xF8, 0x00,
  0x00, 0x00, 0x03, 0xFC, 0x00, 0x00, 0x00, 0x03, 0xFC, 0x00, 0x00, 0x00,
  0x03, 0xFE, 0x00, 0x00, 0x00, 0x01, 0xFE, 0x00, 0x00, 0x00, 0x00, 0xFF,
  0x00, 0x00, 0x00, 0x00, 0x7F, 0x00, 0x00, 0x00, 0x00, 0x3F, 0x80, 0x00,
  0x00, 0x00, 0x1F, 0x80, 0x00, 0x00, 0x00, 0x0F, 0x80, 0x00, 0x00, 0x00,
  0x07, 0xC0, 0x00, 0x00, 0x00, 0x03, 0xC0, 0x00, 0x00, 0x00, 0x01, 0xE0,
  0x00, 0x00, 0x00, 0x00, 0xE0, 0x00, 0x00, 0x00, 0x00, 0x70, 0x00, 0x00,
  0x00, 0x00, 0x30, 0x00, 0x00, 0x00, 0x00, 0x00, 0x00, 0x00, 0x00, 0x00,
  0x00, 0x00, 0x00, 0x00, 0x00, 0x1F, 0xFF, 0xFF, 0xFF, 0xF0, 0x1F, 0xFF,
  0xFF, 0xFF, 0xFC, 0x1F, 0xFF, 0xFF, 0xFF, 0xFF, 0x1F, 0xFF, 0xFF, 0xFF,
  0xFF, 0xDF, 0xFF, 0xFF, 0xFF, 0xFF, 0xF7, 0xFF, 0xFF, 0xFF, 0xFF, 0xF9,
  0xFF, 0xFF, 0xFF, 0xFF, 0xF8, 0xFF, 0xFF, 0xFF, 0xFF, 0xFF, 0xFF, 0xFF,
  0xFF, 0xC0, 0x00, 0x7E, 0x00, 0x03, 0xF0, 0x00, 0x1F, 0x80, 0x00, 0xFC,
  0x00, 0x07, 0xE0, 0x00, 0x3F, 0x00, 0x01, 0xF8, 0x00, 0x0F, 0xC0, 0x00,
  0x7E, 0x00, 0x03, 0xF0, 0x00, 0x1F, 0x80, 0x00, 0xFC, 0x00, 0x07, 0xE0,
  0x00, 0x3F, 0x00, 0x01, 0xF8, 0x00, 0x0F, 0xC0, 0x00, 0x7E, 0x00, 0x03,
  0xF0, 0x00, 0x1F, 0x80, 0x00, 0xFC, 0x00, 0x07, 0xE0, 0x00, 0x3F, 0x00,
  0x01, 0xF8, 0x00, 0x0F, 0xC0, 0x00, 0x7E, 0x00, 0x03, 0xF0, 0x00, 0x1F,
  0x80, 0x00, 0xFC, 0x00, 0x07, 0xE0, 0x00, 0x3F, 0x00, 0x01, 0xF8, 0x00,
  0x0F, 0xC0, 0x00, 0x7E, 0x00, 0x03, 0xF0, 0x00, 0x1F, 0x80, 0x00, 0xFC,
  0x00, 0x07, 0xE0, 0x00, 0x3F, 0x00, 0x01, 0xF8, 0x00, 0x0F, 0xC0, 0x00,
  0x7E, 0x00, 0x03, 0xF0, 0x00, 0x1F, 0x80, 0x00, 0xFC, 0x00, 0x07, 0xE0,
  0x00, 0x3F, 0xFF, 0xFF, 0xFF, 0xFF, 0xFF, 0xFF, 0xFF, 0xF0, 0xFF, 0xFF,
  0xFF, 0xFF, 0xFF, 0xFF, 0xFF, 0xFF, 0xFF, 0xFF, 0xFF, 0xFF, 0xFF, 0xFF,
  0xFF, 0xFF, 0xFF, 0xFF, 0xFF, 0xFF, 0xBF, 0x3C, 0x70, 0x60, 0x80, 0x00,
  0x00, 0x00, 0x10, 0x30, 0xE1, 0xE7, 0xFF, 0xFF, 0xFF, 0xFF, 0xFF, 0xFF,
  0xFF, 0xFF, 0xFF, 0xFF, 0xFF, 0xFF, 0xFF, 0xFF, 0xFF, 0xFF, 0xFF, 0xFF,
  0xFF, 0xFF, 0xF0, 0xFF, 0xFF, 0xFF, 0xFF, 0xFF, 0xFF, 0xFF, 0xFF, 0xC0,
  0x00, 0x7E, 0x00, 0x03, 0xF0, 0x00, 0x1F, 0x80, 0x00, 0xFC, 0x00, 0x07,
  0xE0, 0x00, 0x3F, 0x00, 0x01, 0xF8, 0x00, 0x0F, 0xC0, 0x00, 0x7E, 0x00,
  0x03, 0xF0, 0x00, 0x1F, 0x80, 0x00, 0xFC, 0x00, 0x07, 0xE0, 0x00, 0x3F,
  0x00, 0x01, 0xF8, 0x00, 0x0F, 0xC0, 0x00, 0x7E, 0x00, 0x03, 0xF0, 0x00,
  0x1F, 0x80, 0x00, 0xFC, 0x00, 0x07, 0xE0, 0x00, 0x3F, 0x00, 0x01, 0xF8,
  0x00, 0x0F, 0xC0, 0x00, 0x7E, 0x00, 0x03, 0xF0, 0x00, 0x1F, 0x80, 0x00,
  0xFC, 0x00, 0x07, 0xE0, 0x00, 0x3F, 0x00, 0x01, 0xF8, 0x00, 0x0F, 0xC0,
  0x00, 0x7E, 0x00, 0x03, 0xF0, 0x00, 0x1F, 0x80, 0x00, 0xFC, 0x00, 0x07,
  0xE0, 0x00, 0x3F, 0x00, 0x01, 0xF8, 0x00, 0x0F, 0xC0, 0x00, 0x7E, 0x00,
  0x03, 0xF0, 0x00, 0x1F, 0x80, 0x00, 0xFC, 0x00, 0x07, 0xE0, 0x00, 0x3F,
  0xFF, 0xFF, 0xFF, 0xFF, 0xFF, 0xFF, 0xFF, 0xF0, 0x07, 0xFF, 0xFF, 0xFF,
  0xFF, 0xE0, 0x0F, 0xFF, 0xFF, 0xFF, 0xFF, 0xF0, 0x1F, 0xFF, 0xFF, 0xFF,
  0xFF, 0xF0, 0x0F, 0xFF, 0xFF, 0xFF, 0xFF, 0xE0, 0x67, 0xFF, 0xFF, 0xFF,
  0xFF, 0xC6, 0xF3, 0xFF, 0xFF, 0xFF, 0xFF, 0x8F, 0xF9, 0xFF, 0xFF, 0xFF,
  0xFF, 0x1F, 0xFC, 0x00, 0x00, 0x00, 0x00, 0x3F, 0xFE, 0x00, 0x00, 0x00,
  0x00, 0x7F, 0xFE, 0x60, 0x0F, 0xE0, 0x06, 0x7F, 0xFE, 0x70, 0x0F, 0xE0,
  0x0E, 0x7F, 0xFE, 0x70, 0x0F, 0xE0, 0x0E, 0x7F, 0xFE, 0x78, 0x0F, 0xE0,
  0x1E, 0x7F, 0xFE, 0x78, 0x0F, 0xE0, 0x3E, 0x7F, 0xFE, 0x7C, 0x0F, 0xE0,
  0x3E, 0x7F, 0xFE, 0x7C, 0x0F, 0xE0, 0x7E, 0x7F, 0xFE, 0x7E, 0x0F, 0xE0,
  0x7E, 0x7F, 0xFE, 0x7F, 0x0F, 0xE0, 0xFE, 0x7F, 0xFE, 0x7F, 0x0F, 0xE1,
  0xFE, 0x7F, 0xFE, 0x7F, 0x8F, 0xE1, 0xFE, 0x7F, 0xFE, 0x7F, 0x8F, 0xE3,
  0xFE, 0x7F, 0xFE, 0x3F, 0xCF, 0xE3, 0xFC, 0x7F, 0xFE, 0x3F, 0xCF, 0xE7,
  0xFC, 0x7F, 0xFE, 0x1F, 0xEF, 0xE7, 0xF8, 0x7F, 0xFE, 0x1F, 0xEF, 0xE7,
  0xF0, 0x7F, 0xFE, 0x0F, 0xEF, 0xE7, 0xF0, 0x7F, 0xFE, 0x0F, 0xEF, 0xE7,
  0xE0, 0x7F, 0xFE, 0x07, 0xEF, 0xE7, 0xE0, 0x7F, 0xFE, 0x03, 0xEF, 0xE7,
  0xC0, 0x7F, 0xFE, 0x03, 0xEF, 0xE7, 0xC0, 0x7F, 0xFE, 0x01, 0xEF, 0xE7,
  0x80, 0x7F, 0xFE, 0x01, 0xEF, 0xE7, 0x00, 0x7F, 0xFE, 0x00, 0xE7, 0xE7,
  0x00, 0x7F, 0xFE, 0x00, 0xE3, 0xC6, 0x00, 0x7F, 0xFC, 0x00, 0x03, 0x80,
  0x00, 0x3F, 0xF9, 0xFF, 0xF9, 0x9F, 0xFF, 0x9F, 0xF3, 0xFF, 0xF9, 0x3F,
  0xFF, 0xCF, 0xC7, 0xFF, 0xFC, 0x3F, 0xFF, 0xE7, 0x0F, 0xFF, 0xFE, 0x7F,
  0xFF, 0xF0, 0x0F, 0xFF, 0xFE, 0x7F, 0xFF, 0xF0, 0xC7, 0xFF, 0xFC, 0x3F,
  0xFF, 0xE7, 0xF3, 0xFF, 0xF9, 0x3F, 0xFF, 0xCF, 0xF9, 0xFF, 0xF9, 0x9F,
  0xFF, 0x9F, 0xFC, 0x00, 0x03, 0x80, 0x00, 0x3F, 0xFE, 0x00, 0xE3, 0xC6,
  0x00, 0x7F, 0xFE, 0x00, 0xE7, 0xE7, 0x00, 0x7F, 0xFE, 0x01, 0xEF, 0xE7,
  0x00, 0x7F, 0xFE, 0x01, 0xEF, 0xE7, 0x80, 0x7F, 0xFE, 0x03, 0xEF, 0xE7,
  0x80, 0x7F, 0xFE, 0x03, 0xEF, 0xE7, 0xC0, 0x7F, 0xFE, 0x07, 0xEF, 0xE7,
  0xE0, 0x7F, 0xFE, 0x0F, 0xEF, 0xE7, 0xE0, 0x7F, 0xFE, 0x0F, 0xEF, 0xE7,
  0xF0, 0x7F, 0xFE, 0x1F, 0xEF, 0xE7, 0xF0, 0x7F, 0xFE, 0x1F, 0xEF, 0xE7,
  0xF8, 0x7F, 0xFE, 0x3F, 0xCF, 0xE7, 0xFC, 0x7F, 0xFE, 0x7F, 0xCF, 0xE3,
  0xFC, 0x7F, 0xFE, 0x7F, 0x8F, 0xE3, 0xFE, 0x7F, 0xFE, 0x7F, 0x8F, 0xE1,
  0xFE, 0x7F, 0xFE, 0x7F, 0x0F, 0xE1, 0xFE, 0x7F, 0xFE, 0x7F, 0x0F, 0xE0,
  0xFE, 0x7F, 0xFE, 0x7E, 0x0F, 0xE0, 0x7E, 0x7F, 0xFE, 0x7C, 0x0F, 0xE0,
  0x7E, 0x7F, 0xFE, 0x7C, 0x0F, 0xE0, 0x3E, 0x7F, 0xFE, 0x78, 0x0F, 0xE0,
  0x3E, 0x7F, 0xFE, 0x78, 0x0F, 0xE0, 0x1E, 0x7F, 0xFE, 0x70, 0x0F, 0xE0,
  0x0E, 0x7F, 0xFE, 0x70, 0x0F, 0xE0, 0x0E, 0x7F, 0xFE, 0x60, 0x0F, 0xE0,
  0x06, 0x7F, 0xFE, 0x00, 0x00, 0x00, 0x00, 0x7F, 0xFC, 0x00, 0x00, 0x00,
  0x00, 0x3F, 0xF9, 0xFF, 0xFF, 0xFF, 0xFF, 0x1F, 0xF3, 0xFF, 0xFF, 0xFF,
  0xFF, 0x8F, 0x67, 0xFF, 0xFF, 0xFF, 0xFF, 0xC6, 0x0F, 0xFF, 0xFF, 0xFF,
  0xFF, 0xE0, 0x1F, 0xFF, 0xFF, 0xFF, 0xFF, 0xF0, 0x0F, 0xFF, 0xFF, 0xFF,
  0xFF, 0xF0, 0x07, 0xFF, 0xFF, 0xFF, 0xFF, 0xE0 };

const GFXglyph DSEG14Classic_Regular40pt7bGlyphs[] PROGMEM = {
  {     0,   1,   1,  16,    0,    0 },   // 0x20 ' '
  {     1,   1,   1,  64,    0,    0 },   // 0x21 '!'
  {     2,  27,  34,  64,    8,  -73 },   // 0x22 '"'
  {   117,  21,  52,  28,    3,  -51 },   // 0x23 '#'
  {   254,  48,  78,  64,    8,  -77 },   // 0x24 '$'
  {   722,  48,  70,  64,    8,  -73 },   // 0x25 '%'
  {  1142,  45,  78,  64,   11,  -77 },   // 0x26 '&'
  {  1581,   7,  28,  64,   28,  -68 },   // 0x27 '''
  {  1606,  10,  60,  64,   37,  -68 },   // 0x28 '('
  {  1681,  10,  60,  64,   17,  -68 },   // 0x29 ')'
  {  1756,  41,  60,  64,   11,  -68 },   // 0x2A '*'
  {  2064,  41,  60,  64,   11,  -68 },   // 0x2B '+'
  {  2372,  10,  25,  64,   17,  -33 },   // 0x2C ','
  {  2404,  41,   8,  64,   11,  -42 },   // 0x2D '-'
  {  2445,  10,  10,   0,   -5,   -9 },   // 0x2E '.'
  {  2458,  30,  60,  64,   17,  -68 },   // 0x2F '/'
  {  2683,  48,  78,  64,    8,  -77 },   // 0x30 '0'
  {  3151,   7,  70,  64,   49,  -73 },   // 0x31 '1'
  {  3213,  48,  78,  64,    8,  -77 },   // 0x32 '2'
  {  3681,  45,  78,  64,   11,  -77 },   // 0x33 '3'
  {  4120,  48,  70,  64,    8,  -73 },   // 0x34 '4'
  {  4540,  48,  78,  64,    8,  -77 },   // 0x35 '5'
  {  5008,  48,  78,  64,    8,  -77 },   // 0x36 '6'
  {  5476,  48,  74,  64,    8,  -77 },   // 0x37 '7'
  {  5920,  48,  78,  64,    8,  -77 },   // 0x38 '8'
  {  6388,  48,  78,  64,    8,  -77 },   // 0x39 '9'
  {  6856,  10,  42,  16,    3,  -58 },   // 0x3A ':'
  {  6909,  21,  52,  28,    3,  -51 },   // 0x3B ';'
  {  7046,  41,  69,  64,   11,  -68 },   // 0x3C '<'
  {  7400,  41,  43,  64,   11,  -42 },   // 0x3D '='
  {  7621,  41,  69,  64,   11,  -68 },   // 0x3E '>'
  {  7975,  48,  69,  64,    8,  -77 },   // 0x3F '?'
  {  8389,  48,  78,  64,    8,  -77 },   // 0x40 '@'
  {  8857,  48,  74,  64,    8,  -77 },   // 0x41 'A'
  {  9301,  45,  78,  64,   11,  -77 },   // 0x42 'B'
  {  9740,  44,  78,  64,    8,  -77 },   // 0x43 'C'
  { 10169,  45,  78,  64,   11,  -77 },   // 0x44 'D'
  { 10608,  44,  78,  64,    8,  -77 },   // 0x45 'E'
  { 11037,  44,  74,  64,    8,  -77 },   // 0x46 'F'
  { 11444,  48,  78,  64,    8,  -77 },   // 0x47 'G'
  { 11912,  48,  70,  64,    8,  -73 },   // 0x48 'H'
  { 12332,  41,  78,  64,   11,  -77 },   // 0x49 'I'
  { 12732,  48,  74,  64,    8,  -73 },   // 0x4A 'J'
  { 13176,  39,  70,  64,    8,  -73 },   // 0x4B 'K'
  { 13518,  44,  74,  64,    8,  -73 },   // 0x4C 'L'
  { 13925,  48,  70,  64,    8,  -73 },   // 0x4D 'M'
  { 14345,  48,  70,  64,    8,  -73 },   // 0x4E 'N'
  { 14765,  48,  78,  64,    8,  -77 },   // 0x4F 'O'
  { 15233,  48,  74,  64,    8,  -77 },   // 0x50 'P'
  { 15677,  48,  78,  64,    8,  -77 },   // 0x51 'Q'
  { 16145,  48,  74,  64,    8,  -77 },   // 0x52 'R'
  { 16589,  48,  78,  64,    8,  -77 },   // 0x53 'S'
  { 17057,  41,  69,  64,   11,  -77 },   // 0x54 'T'
  { 17411,  48,  74,  64,    8,  -73 },   // 0x55 'U'
  { 17855,  39,  70,  64,    8,  -73 },   // 0x56 'V'
  { 18197,  48,  70,  64,    8,  -73 },   // 0x57 'W'
  { 18617,  30,  60,  64,   17,  -68 },   // 0x58 'X'
  { 18842,  30,  60,  64,   17,  -68 },   // 0x59 'Y'
  { 19067,  41,  78,  64,   11,  -77 },   // 0x5A 'Z'
  { 19467,  21,  52,  28,    3,  -51 },   // 0x5B '['
  { 19604,  30,  60,  64,   17,  -68 },   // 0x5C '\'
  { 19829,  21,  52,  28,    3,  -51 },   // 0x5D ']'
  { 19966,  19,  34,  64,    8,  -73 },   // 0x5E '^'
  { 20047,  41,   7,  64,   11,   -6 },   // 0x5F '_'
  { 20083,  10,  25,  64,   17,  -68 },   // 0x60 '`'
  { 20115,  48,  74,  64,    8,  -77 },   // 0x61 'a'
  { 20559,  45,  78,  64,   11,  -77 },   // 0x62 'b'
  { 20998,  44,  78,  64,    8,  -77 },   // 0x63 'c'
  { 21427,  45,  78,  64,   11,  -77 },   // 0x64 'd'
  { 21866,  44,  78,  64,    8,  -77 },   // 0x65 'e'
  { 22295,  44,  74,  64,    8,  -77 },   // 0x66 'f'
  { 22702,  48,  78,  64,    8,  -77 },   // 0x67 'g'
  { 23170,  48,  70,  64,    8,  -73 },   // 0x68 'h'
  { 23590,  41,  78,  64,   11,  -77 },   // 0x69 'i'
  { 23990,  48,  74,  64,    8,  -73 },   // 0x6A 'j'
  { 24434,  39,  70,  64,    8,  -73 },   // 0x6B 'k'
  { 24776,  44,  74,  64,    8,  -73 },   // 0x6C 'l'
  { 25183,  48,  70,  64,    8,  -73 },   // 0x6D 'm'
  { 25603,  48,  70,  64,    8,  -73 },   // 0x6E 'n'
  { 26023,  48,  78,  64,    8,  -77 },   // 0x6F 'o'
  { 26491,  48,  74,  64,    8,  -77 },   // 0x70 'p'
  { 26935,  48,  78,  64,    8,  -77 },   // 0x71 'q'
  { 27403,  48,  74,  64,    8,  -77 },   // 0x72 'r'
  { 27847,  48,  78,  64,    8,  -77 },   // 0x73 's'
  { 28315,  41,  69,  64,   11,  -77 },   // 0x74 't'
  { 28669,  48,  74,  64,    8,  -73 },   // 0x75 'u'
  { 29113,  39,  70,  64,    8,  -73 },   // 0x76 'v'
  { 29455,  48,  70,  64,    8,  -73 },   // 0x77 'w'
  { 29875,  30,  60,  64,   17,  -68 },   // 0x78 'x'
  { 30100,  30,  60,  64,   17,  -68 },   // 0x79 'y'
  { 30325,  41,  78,  64,   11,  -77 },   // 0x7A 'z'
  { 30725,  21,  52,  28,    3,  -51 },   // 0x7B '{'
  { 30862,   7,  60,  64,   28,  -68 },   // 0x7C '|'
  { 30915,  21,  52,  28,    3,  -51 },   // 0x7D '}'
  { 31052,  48,  78,  64,    8,  -77 } }; // 0x7E '~'

const GFXfont DSEG14Classic_Regular40pt7b PROGMEM = {
  (uint8_t  *)DSEG14Classic_Regular40pt7bBitmaps,
  (GFXglyph *)DSEG14Classic_Regular40pt7bGlyphs,
  0x20, 0x7E, 85 };

// Approx. 32192 bytes
